k,f,grad_norm,t_k,rk_residual
0,0.0,3.204851266519255e-05,1.0,0.4497479491911053
1,-4.998684557155303e-05,1.525059218211692e-05,1.0,0.5116390047138829
2,-6.283519808145492e-05,8.423145004596503e-06,1.0,0.558757842279973
3,-6.703938710086314e-05,5.084683535462238e-06,1.0,0.5392620174644
4,-6.856663122472347e-05,2.983722883678492e-06,1.0,0.5544335244007428
5,-6.907420573244881e-05,1.7683631116652288e-06,1.0,0.5119236932344868
6,-6.925193188824953e-05,9.625392825801761e-07,1.0,0.5171574908331784
7,-6.930224170465997e-05,5.149578895675371e-07,1.0,0.5514169206652264
8,-6.931799691310918e-05,3.009611025182025e-07,1.0,0.5343231589121481
9,-6.932304068302893e-05,1.6908268016278804e-07,1.0,0.5949684746555818
10,-6.932472911292649e-05,1.0979855181556496e-07,1.0,0.5307929358678289
11,-6.932542955286542e-05,6.320885288515476e-08,1.0,0.5421279759963222
12,-6.932565305864979e-05,3.63748621855861e-08,1.0,0.5492736459960923
13,-6.932572789873406e-05,2.1102341186615442e-08,1.0,0.5356470119021434
14,-6.93257542546516e-05,1.2163418267684334e-08,1.0,0.532161498644444
15,-6.932576291358085e-05,7.2563274407178076e-09,1.0,0.5205613732684516
16,-6.932576607424257e-05,4.392708591162404e-09,1.0,0.4961087766600966
17,-6.932576714282601e-05,2.511383408723042e-09,1.0,0.6055145277174995
18,-6.932576750934582e-05,1.7868253224801627e-09,1.0,0.6278136998014827
19,-6.932576769244644e-05,1.312015083931009e-09,1.0,0.614333803311948
20,-6.93257677812422e-05,9.298618137797452e-10,1.0,0.6815686666800281
21,-6.932576783436177e-05,7.587413886256808e-10,1.0,0.6448252539313308
22,-6.932576786443036e-05,5.596389410110075e-10,1.0,0.6768577064452005
23,-6.93257678843384e-05,4.695970431692536e-10,1.0,0.6192026270748778
24,-6.932576789458351e-05,3.2100320959098417e-10,1.0,0.7200846152087946
25,-6.93257679017084e-05,2.8513423490628325e-10,1.0,0.6294811570471378
26,-6.932576790559629e-05,1.9989753737541155e-10,1.0,0.7004347200303317
27,-6.932576790836867e-05,1.7780357525105508e-10,1.0,0.6310128995618116
28,-6.932576790998701e-05,1.265875367333788e-10,1.0,0.7046519128662669
29,-6.932576791105903e-05,1.09997796617502e-10,1.0,0.6332206870787354
30,-6.932576791163745e-05,7.711673586524477e-11,1.0,0.6916977869822377
31,-6.932576791206489e-05,6.833025426608259e-11,1.0,0.6039445390320785
32,-6.932576791227021e-05,4.433040376264886e-11,1.0,0.7158507220881662
33,-6.932576791241503e-05,4.083910347391029e-11,1.0,0.6339174947639422
34,-6.932576791248903e-05,2.8248285514050317e-11,1.0,0.7243041197325446
35,-6.932576791254967e-05,2.662792246805729e-11,1.0,0.6249056225596487
36,-6.932576791257719e-05,1.7255471556218087e-11,1.0,0.751983642858357
37,-6.932576791260307e-05,1.7359243248826505e-11,1.0,0.597548327580352
38,-6.932576791261257e-05,1.0356928033191888e-11,1.0,0.7896874710628105
39,-6.932576791262341e-05,1.1506979554181285e-11,1.0,0.5785116555756693
40,-6.932576791262654e-05,6.347470156325074e-12,1.0,0.8642673699207566
41,-6.932576791263052e-05,7.413433928250103e-12,1.0,0.6017017145363355
42,-6.932576791263224e-05,4.308988783358582e-12,1.0,0.8641030911699402
43,-6.932576791263416e-05,5.091743415144155e-12,1.0,0.5809154488010655
44,-6.932576791263488e-05,2.8407887715799016e-12,1.0,0.8432786928338862
45,-6.932576791263573e-05,3.27452415697227e-12,1.0,0.5907897033405581
46,-6.932576791263599e-05,1.8721591034361683e-12,1.0,0.8377343024480989
47,-6.932576791263634e-05,2.194465100453841e-12,1.0,0.5774622418772175
48,-6.932576791263652e-05,1.2138709550955375e-12,1.0,0.8425712786146836
49,-6.93257679126367e-05,1.4463503380537304e-12,1.0,0.59876948720002
50,-6.93257679126367e-05,8.308400002284237e-13,1.0,0.8333439752675104
51,-6.932576791263676e-05,9.459262943014163e-13,1.0,0.5943168830146685
52,-6.93257679126368e-05,5.45221853400817e-13,0.5,0.8305048072023897
53,-6.932576791263684e-05,4.3216249469701913e-13,0.25,0.8707037706905649
54,-6.932576791263684e-05,3.602638760722061e-13,1.0,0.8565067659211006
55,-6.932576791263688e-05,4.920295372325188e-13,0.25,0.5790739262643374
56,-6.93257679126369e-05,4.4979483923003614e-13,1.0,0.5037390538353979
57,-6.932576791263691e-05,2.196072657957732e-13,3.0517578125e-05,0.7855716878082946
58,-6.932576791263693e-05,2.196009263397494e-13,0.00048828125,0.6307044929178378
59,-6.932576791263694e-05,2.1947310481547873e-13,3.725290298461914e-09,0.5164108973435599
60,-6.932576791263694e-05,2.1947310390181188e-13,0.015625,0.40657750830623784
61,-6.932576791263694e-05,2.153423834235686e-13,0.25,0.3478702329885271
62,-6.932576791263694e-05,1.5379799099003473e-13,2.384185791015625e-07,0.4978160830935945
63,-6.932576791263694e-05,1.5379794874500837e-13,1.1920928955078125e-07,0.42231489806935646
64,-6.932576791263694e-05,1.5379792876858595e-13,2.9802322387695312e-08,0.3237466449823634
65,-6.932576791263694e-05,1.537979251742874e-13,2.384185791015625e-07,0.25821194892834004
66,-6.932576791263694e-05,1.5379788151867153e-13,3.725290298461914e-09,0.21276632430248565
67,-6.932576791263694e-05,1.5379788085372328e-13,6.103515625e-05,0.17366103836791727
68,-6.932576791263695e-05,1.537878240589512e-13,5.960464477539063e-08,0.1412519900066316
69,-6.932576791263695e-05,1.537878124248654e-13,2.9802322387695312e-08,0.11100435757932291
70,-6.932576791263698e-05,1.5378780727744974e-13,7.450580596923828e-09,0.09160357216181574
71,-6.932576791263698e-05,1.5378780648592738e-13,7.450580596923828e-09,0.07466121798136396
72,-6.932576791263698e-05,1.5378780550820626e-13,1.862645149230957e-09,0.059235836109317715
73,-6.932576791263698e-05,1.5378780531119374e-13,1.862645149230957e-09,0.04928426594784573
74,-6.932576791263698e-05,1.5378780530752058e-13,4.656612873077393e-10,0.038615610080184395
75,-6.932576791263698e-05,1.537878053995995e-13,4.656612873077393e-10,0.03160164513842741
76,-6.932576791263698e-05,1.537878054678763e-13,1.862645149230957e-09,0.025099475687135588
77,-6.932576791263698e-05,1.53787805809817e-13,1.862645149230957e-09,0.020897060088460834
78,-6.932576791263698e-05,1.5378780564742194e-13,4.656612873077393e-10,0.01629544205729673
79,-6.932576791263698e-05,1.5378780569033367e-13,1.1641532182693481e-10,0.01340389924109833
80,-6.932576791263698e-05,1.537878056913725e-13,1.1641532182693481e-10,0.010858287844304197
81,-6.932576791263698e-05,1.5378780567199428e-13,1.1641532182693481e-10,0.008849462406800422
82,-6.932576791263698e-05,1.537878056734584e-13,1.1641532182693481e-10,0.007023584366546203
83,-6.932576791263698e-05,1.5378780566280124e-13,1.1641532182693481e-10,0.005738982475080818
84,-6.932576791263698e-05,1.5378780567272801e-13,1.1641532182693481e-10,0.00464261661839407
85,-6.932576791263698e-05,1.5378780569820214e-13,1.1641532182693481e-10,0.0037159734408130757
86,-6.932576791263698e-05,1.5378780567059413e-13,1.1641532182693481e-10,0.003018793576790135
87,-6.932576791263698e-05,1.5378780569402216e-13,1.1641532182693481e-10,0.002425444170164262
88,-6.932576791263698e-05,1.5378780569870365e-13,1.1641532182693481e-10,0.0019560673337566444
89,-6.932576791263698e-05,1.5378780567899288e-13,1.1641532182693481e-10,0.0015700331509212453
90,-6.932576791263698e-05,1.5378780574090862e-13,1.1641532182693481e-10,0.0012547586751763737
91,-6.932576791263698e-05,1.5378780572507124e-13,1.1641532182693481e-10,0.0010198828110989
92,-6.932576791263698e-05,1.5378780573430932e-13,1.1641532182693481e-10,0.0007997694402942531
93,-6.932576791263698e-05,1.5378780572208955e-13,1.1641532182693481e-10,0.0006556135559846919
94,-6.932576791263698e-05,1.5378780567628112e-13,1.1641532182693481e-10,0.0005386600740053026
95,-6.932576791263698e-05,1.5378780570866506e-13,1.1641532182693481e-10,0.0004307983624431332
96,-6.932576791263698e-05,1.5378780575404824e-13,1.1641532182693481e-10,0.00033854552146268216
97,-6.932576791263698e-05,1.5378780573479354e-13,1.1641532182693481e-10,0.00028714500808059174
98,-6.932576791263698e-05,1.5378780573768355e-13,1.1641532182693481e-10,0.00022661038470753905
99,-6.932576791263698e-05,1.537878057670902e-13,1.1641532182693481e-10,0.00018826321963635395
100,-6.932576791263698e-05,1.537878057573844e-13,1.1641532182693481e-10,0.00015138200817219917
101,-6.932576791263698e-05,1.5378780575273512e-13,1.1641532182693481e-10,0.0001210376281546848
102,-6.932576791263698e-05,1.5378780578888052e-13,1.1641532182693481e-10,9.901723670039385e-05
103,-6.932576791263698e-05,1.5378780577149092e-13,1.1641532182693481e-10,7.729988076933529e-05
104,-6.932576791263698e-05,1.5378780572933503e-13,1.1641532182693481e-10,6.414127079108328e-05
105,-6.932576791263698e-05,1.5378780567882047e-13,1.1641532182693481e-10,5.1449604516556525e-05
106,-6.932576791263698e-05,1.5378780572252467e-13,1.1641532182693481e-10,4.157763968619395e-05
107,-6.932576791263698e-05,1.537878056977638e-13,1.1641532182693481e-10,3.395357052540971e-05
108,-6.932576791263698e-05,1.537878056830433e-13,1.1641532182693481e-10,2.8189647412565632e-05
109,-6.932576791263698e-05,1.5378780569122288e-13,1.1641532182693481e-10,2.2748075307417003e-05
110,-6.932576791263698e-05,1.537878056312459e-13,1.1641532182693481e-10,1.913739654471476e-05
111,-6.932576791263698e-05,1.537878056392032e-13,1.1641532182693481e-10,1.527518030891608e-05
112,-6.932576791263698e-05,1.5378780563822526e-13,1.1641532182693481e-10,1.2417937054798564e-05
113,-6.932576791263698e-05,1.5378780565583458e-13,1.1641532182693481e-10,1.0212627242841315e-05
114,-6.932576791263698e-05,1.5378780563354806e-13,1.1641532182693481e-10,8.252336541498847e-06
115,-6.932576791263698e-05,1.5378780562159612e-13,1.1641532182693481e-10,6.796410766125456e-06
116,-6.932576791263698e-05,1.5378780563390765e-13,1.1641532182693481e-10,5.231810532625655e-06
117,-6.932576791263698e-05,1.5378780566270531e-13,1.1641532182693481e-10,4.3491122993668375e-06
118,-6.932576791263698e-05,1.5378780563056755e-13,1.1641532182693481e-10,3.585703001745408e-06
119,-6.932576791263698e-05,1.537878056605751e-13,1.1641532182693481e-10,2.8184233877292075e-06
120,-6.932576791263698e-05,1.5378780566877995e-13,1.1641532182693481e-10,2.315928212165386e-06
121,-6.932576791263698e-05,1.5378780567690436e-13,1.1641532182693481e-10,1.8762750866833586e-06
122,-6.932576791263698e-05,1.5378780568707978e-13,1.1641532182693481e-10,1.5109281076256768e-06
123,-6.932576791263698e-05,1.5378780568552775e-13,1.1641532182693481e-10,1.219656427708925e-06
124,-6.932576791263698e-05,1.5378780569198952e-13,1.1641532182693481e-10,9.95269605988141e-07
125,-6.932576791263698e-05,1.5378780568605322e-13,1.1641532182693481e-10,8.068548287941632e-07
126,-6.932576791263698e-05,1.5378780571108942e-13,1.1641532182693481e-10,6.505543405580695e-07
127,-6.932576791263698e-05,1.537878057124023e-13,1.1641532182693481e-10,5.259192632181886e-07
128,-6.932576791263698e-05,1.537878057242394e-13,1.1641532182693481e-10,4.257375583624392e-07
129,-6.932576791263698e-05,1.53787805737209e-13,1.1641532182693481e-10,3.480435973151107e-07
130,-6.932576791263698e-05,1.5378780570885633e-13,1.1641532182693481e-10,2.815278026106032e-07
131,-6.932576791263698e-05,1.537878056902473e-13,1.1641532182693481e-10,2.2260426288402703e-07
132,-6.932576791263698e-05,1.5378780567694785e-13,1.1641532182693481e-10,1.773002870835781e-07
133,-6.932576791263698e-05,1.5378780572687204e-13,1.1641532182693481e-10,1.494022503479696e-07
134,-6.932576791263698e-05,1.5378780570539932e-13,1.1641532182693481e-10,1.1893747081127242e-07
135,-6.932576791263698e-05,1.5378780568947183e-13,1.1641532182693481e-10,9.813384157388043e-08
136,-6.932576791263698e-05,1.5378780570319736e-13,1.1641532182693481e-10,7.814561621462125e-08
137,-6.932576791263698e-05,1.5378780568481727e-13,1.1641532182693481e-10,6.301451810131659e-08
138,-6.932576791263698e-05,1.5378780569505666e-13,1.1641532182693481e-10,5.118821467914291e-08
139,-6.932576791263698e-05,1.5378780568488728e-13,1.1641532182693481e-10,4.176410361684549e-08
140,-6.932576791263698e-05,1.537878056705393e-13,1.1641532182693481e-10,3.3594837019674665e-08
141,-6.932576791263698e-05,1.5378780564889285e-13,1.1641532182693481e-10,2.813930739387579e-08
142,-6.932576791263698e-05,1.537878056348727e-13,1.1641532182693481e-10,2.303181407088391e-08
143,-6.932576791263698e-05,1.537878056185943e-13,1.1641532182693481e-10,1.861159275907458e-08
144,-6.932576791263698e-05,1.5378780559350184e-13,1.1641532182693481e-10,1.4901506598878967e-08
145,-6.932576791263698e-05,1.5378780560677313e-13,1.1641532182693481e-10,1.2396706041548078e-08
146,-6.932576791263698e-05,1.5378780566330684e-13,1.1641532182693481e-10,1.0216088684697164e-08
147,-6.932576791263698e-05,1.5378780566919695e-13,1.1641532182693481e-10,8.207880568346782e-09
148,-6.932576791263698e-05,1.5378780562581326e-13,1.1641532182693481e-10,6.771854133801303e-09
149,-6.932576791263698e-05,1.5378780563325983e-13,1.1641532182693481e-10,5.612908731741444e-09
150,-6.932576791263698e-05,1.537878056402659e-13,1.1641532182693481e-10,4.568807224613675e-09
151,-6.932576791263698e-05,1.537878056414573e-13,1.1641532182693481e-10,4.380423853150752e-09
152,-6.932576791263698e-05,1.5378780562554527e-13,1.1641532182693481e-10,3.5229742791786815e-09
153,-6.932576791263698e-05,1.5378780563421047e-13,1.1641532182693481e-10,4.146565696381233e-09
154,-6.932576791263698e-05,1.5378780558365827e-13,1.1641532182693481e-10,4.046110567435872e-09
155,-6.932576791263698e-05,1.537878055915196e-13,1.1641532182693481e-10,2.9575965001501096e-09
156,-6.932576791263698e-05,1.5378780561036723e-13,1.1641532182693481e-10,2.9693334927574605e-09
157,-6.932576791263698e-05,1.537878055958819e-13,5.820766091346741e-11,2.738548671910043e-09
158,-6.932576791263698e-05,1.5378780561269004e-13,5.820766091346741e-11,1.9112721803116555e-09
159,-6.932576791263698e-05,1.5378780562296275e-13,5.820766091346741e-11,1.6162108436042496e-09
160,-6.932576791263698e-05,1.5378780562041717e-13,5.820766091346741e-11,1.471246050236749e-09
161,-6.932576791263698e-05,1.5378780561785775e-13,5.820766091346741e-11,1.6031871738601474e-09
162,-6.932576791263698e-05,1.5378780560911238e-13,1.4551915228366852e-11,1.2371497749562258e-09
163,-6.932576791263698e-05,1.5378780560911238e-13,7.275957614183426e-12,8.353694813227533e-10
164,-6.932576791263698e-05,1.5378780560911238e-13,3.637978807091713e-12,5.794977944470292e-10
165,-6.932576791263698e-05,1.5378780560911238e-13,4.547473508864641e-13,4.4445699387969267e-10
166,-6.932576791263698e-05,1.5378780560911238e-13,4.547473508864641e-13,3.337828218616614e-10
167,-6.932576791263698e-05,1.5378780560911238e-13,4.547473508864641e-13,2.5979548212377423e-10
168,-6.932576791263698e-05,1.5378780560911238e-13,4.547473508864641e-13,2.0145394487162897e-10
169,-6.932576791263698e-05,1.5378780560911238e-13,4.547473508864641e-13,1.5903610388207432e-10
170,-6.932576791263698e-05,1.5378780560911238e-13,4.547473508864641e-13,1.2748696602847395e-10
171,-6.932576791263698e-05,1.5378780560911238e-13,4.547473508864641e-13,1.0094597064682532e-10
172,-6.932576791263698e-05,1.5378780560911238e-13,4.547473508864641e-13,8.146849098499916e-11
173,-6.932576791263698e-05,1.5378780560911238e-13,4.547473508864641e-13,6.473663496838092e-11
174,-6.932576791263698e-05,1.5378780560911238e-13,4.547473508864641e-13,5.210829940642763e-11
175,-6.932576791263698e-05,1.5378780560911238e-13,4.547473508864641e-13,4.1930196448152795e-11
176,-6.932576791263698e-05,1.5378780560911238e-13,4.547473508864641e-13,3.423804586565225e-11
177,-6.932576791263698e-05,1.5378780560911238e-13,4.547473508864641e-13,2.7415255196784945e-11
178,-6.932576791263698e-05,1.5378780560911238e-13,4.547473508864641e-13,2.1671279498475558e-11
179,-6.932576791263698e-05,1.5378780560911238e-13,4.547473508864641e-13,1.7331097701099495e-11
180,-6.932576791263698e-05,1.5378780560911238e-13,4.547473508864641e-13,1.42558132799919e-11
181,-6.932576791263698e-05,1.5378780560911238e-13,4.547473508864641e-13,1.1908135256093819e-11
182,-6.932576791263698e-05,1.5378780560911238e-13,4.547473508864641e-13,9.515521967244113e-12
183,-6.932576791263698e-05,1.5378780560911238e-13,4.547473508864641e-13,7.647902982908205e-12
184,-6.932576791263698e-05,1.5378780560911238e-13,4.547473508864641e-13,6.2820087227888e-12
185,-6.932576791263698e-05,1.5378780560911238e-13,4.547473508864641e-13,4.931921960333597e-12
186,-6.932576791263698e-05,1.5378780560911238e-13,4.547473508864641e-13,4.043595665032249e-12
187,-6.932576791263698e-05,1.5378780560911238e-13,4.547473508864641e-13,3.225351656573706e-12
188,-6.932576791263698e-05,1.5378780560911238e-13,4.547473508864641e-13,2.6428938091484213e-12
189,-6.932576791263698e-05,1.5378780560911238e-13,4.547473508864641e-13,2.032553666524615e-12
190,-6.932576791263698e-05,1.5378780560911238e-13,4.547473508864641e-13,1.6802393385849105e-12
191,-6.932576791263698e-05,1.5378780560911238e-13,4.547473508864641e-13,1.3570459386891883e-12
192,-6.932576791263698e-05,1.5378780560911238e-13,4.547473508864641e-13,1.0763890158432688e-12
193,-6.932576791263698e-05,1.5378780560911238e-13,4.547473508864641e-13,8.902298834921968e-13
194,-6.932576791263698e-05,1.5378780560911238e-13,4.547473508864641e-13,7.378462657976869e-13
195,-6.932576791263698e-05,1.5378780560911238e-13,4.547473508864641e-13,6.027310713084507e-13
196,-6.932576791263698e-05,1.5378780560911238e-13,4.547473508864641e-13,4.941200678815779e-13
197,-6.932576791263698e-05,1.5378780560911238e-13,4.547473508864641e-13,3.979045081987692e-13
198,-6.932576791263698e-05,1.5378780560911238e-13,4.547473508864641e-13,3.2829502374380283e-13
199,-6.932576791263698e-05,1.5378780560911238e-13,4.547473508864641e-13,2.631750240041356e-13
200,-6.932576791263698e-05,1.5378780560911238e-13,4.547473508864641e-13,2.1392090854086462e-13
201,-6.932576791263698e-05,1.5378780560911238e-13,4.547473508864641e-13,1.7365936145317408e-13
202,-6.932576791263698e-05,1.5378780560911238e-13,4.547473508864641e-13,1.4328258321708712e-13
203,-6.932576791263698e-05,1.5378780560911238e-13,4.547473508864641e-13,1.1496311633959956e-13
204,-6.932576791263698e-05,1.5378780560911238e-13,4.547473508864641e-13,9.250539550196915e-14
205,-6.932576791263698e-05,1.5378780560911238e-13,4.547473508864641e-13,7.508676274780728e-14
206,-6.932576791263698e-05,1.5378780560911238e-13,4.547473508864641e-13,6.255923679933086e-14
207,-6.932576791263698e-05,1.5378780560911238e-13,4.547473508864641e-13,5.2527372023357746e-14
208,-6.932576791263698e-05,1.5378780560911238e-13,4.547473508864641e-13,4.220779620941019e-14
209,-6.932576791263698e-05,1.5378780560911238e-13,4.547473508864641e-13,3.431075148546611e-14
210,-6.932576791263698e-05,1.5378780560911238e-13,4.547473508864641e-13,2.7626779020561742e-14
211,-6.932576791263698e-05,1.5378780560911238e-13,4.547473508864641e-13,2.3265480810979582e-14
212,-6.932576791263698e-05,1.5378780560911238e-13,4.547473508864641e-13,1.8520078279830447e-14
213,-6.932576791263698e-05,1.5378780560911238e-13,4.547473508864641e-13,1.5357634198382e-14
214,-6.932576791263698e-05,1.5378780560911238e-13,4.547473508864641e-13,1.2845350928774966e-14
215,-6.932576791263698e-05,1.5378780560911238e-13,4.547473508864641e-13,1.0717740138462604e-14
216,-6.932576791263698e-05,1.5378780560911238e-13,4.547473508864641e-13,8.906898123285517e-15
217,-6.932576791263698e-05,1.5378780560911238e-13,4.547473508864641e-13,7.430179753378007e-15
218,-6.932576791263698e-05,1.5378780560911238e-13,4.547473508864641e-13,6.616171024040135e-15
219,-6.932576791263698e-05,1.5378780560911238e-13,4.547473508864641e-13,5.737883719139457e-15
220,-6.932576791263698e-05,1.5378780560911238e-13,4.547473508864641e-13,5.192249872047171e-15
221,-6.932576791263698e-05,1.5378780560911238e-13,4.547473508864641e-13,4.786998991562652e-15
222,-6.932576791263698e-05,1.5378780560911238e-13,4.547473508864641e-13,4.268018977354504e-15
223,-6.932576791263698e-05,1.5378780560911238e-13,4.547473508864641e-13,4.145635256993995e-15
224,-6.932576791263698e-05,1.5378780560911238e-13,4.547473508864641e-13,4.288745328334281e-15
225,-6.932576791263698e-05,1.5378780560911238e-13,4.547473508864641e-13,3.590961900181932e-15
226,-6.932576791263698e-05,1.5378780560911238e-13,4.547473508864641e-13,3.747017558150714e-15
227,-6.932576791263698e-05,1.5378780560911238e-13,4.547473508864641e-13,3.7224641048744806e-15
228,-6.932576791263698e-05,1.5378780560911238e-13,4.547473508864641e-13,3.632460028292426e-15
229,-6.932576791263698e-05,1.5378780560911238e-13,4.547473508864641e-13,3.532020051374134e-15
230,-6.932576791263698e-05,1.5378780560911238e-13,4.547473508864641e-13,3.5189233086466363e-15
231,-6.932576791263698e-05,1.5378780560911238e-13,4.547473508864641e-13,3.51781622828351e-15
232,-6.932576791263698e-05,1.5378780560911238e-13,4.547473508864641e-13,3.306186113443112e-15
233,-6.932576791263698e-05,1.5378780560911238e-13,4.547473508864641e-13,3.4369736996891683e-15
234,-6.932576791263698e-05,1.5378780560911238e-13,4.547473508864641e-13,3.4504525546211277e-15
235,-6.932576791263698e-05,1.5378780560911238e-13,4.547473508864641e-13,3.39592239740183e-15
236,-6.932576791263698e-05,1.5378780560911238e-13,4.547473508864641e-13,3.1862880441100926e-15
237,-6.932576791263698e-05,1.5378780560911238e-13,4.547473508864641e-13,3.3877803699552285e-15
238,-6.932576791263698e-05,1.5378780560911238e-13,4.547473508864641e-13,3.0999342790853484e-15
239,-6.932576791263698e-05,1.5378780560911238e-13,4.547473508864641e-13,3.194930632317153e-15
240,-6.932576791263698e-05,1.5378780560911238e-13,4.547473508864641e-13,3.1465511758943683e-15
241,-6.932576791263698e-05,1.5378780560911238e-13,4.547473508864641e-13,3.2499685871278096e-15
242,-6.932576791263698e-05,1.5378780560911238e-13,4.547473508864641e-13,3.2312210800640727e-15
243,-6.932576791263698e-05,1.5378780560911238e-13,4.547473508864641e-13,3.2982267271657247e-15
244,-6.932576791263698e-05,1.5378780560911238e-13,4.547473508864641e-13,3.3561546797012105e-15
245,-6.932576791263698e-05,1.5378780560911238e-13,4.547473508864641e-13,3.4450874696417197e-15
246,-6.932576791263698e-05,1.5378780560911238e-13,4.547473508864641e-13,3.4063974708157393e-15
247,-6.932576791263698e-05,1.5378780560911238e-13,4.547473508864641e-13,3.2509692694847296e-15
248,-6.932576791263698e-05,1.5378780560911238e-13,4.547473508864641e-13,3.2662835432158574e-15
249,-6.932576791263698e-05,1.5378780560911238e-13,4.547473508864641e-13,3.207594848563462e-15
250,-6.932576791263698e-05,1.5378780560911238e-13,4.547473508864641e-13,3.3243745472657355e-15
251,-6.932576791263698e-05,1.5378780560911238e-13,4.547473508864641e-13,3.5094609559910797e-15
252,-6.932576791263698e-05,1.5378780560911238e-13,4.547473508864641e-13,3.4550663696454873e-15
253,-6.932576791263698e-05,1.5378780560911238e-13,4.547473508864641e-13,3.4154893519240624e-15
254,-6.932576791263698e-05,1.5378780560911238e-13,4.547473508864641e-13,3.211128699028126e-15
255,-6.932576791263698e-05,1.5378780560911238e-13,4.547473508864641e-13,3.3634860002456857e-15
256,-6.932576791263698e-05,1.5378780560911238e-13,4.547473508864641e-13,3.3928252520371063e-15
257,-6.932576791263698e-05,1.5378780560911238e-13,4.547473508864641e-13,3.465224483334697e-15
258,-6.932576791263698e-05,1.5378780560911238e-13,4.547473508864641e-13,3.2063967151153445e-15
259,-6.932576791263698e-05,1.5378780560911238e-13,4.547473508864641e-13,3.1767707326833818e-15
260,-6.932576791263698e-05,1.5378780560911238e-13,4.547473508864641e-13,3.220214604373104e-15
261,-6.932576791263698e-05,1.5378780560911238e-13,4.547473508864641e-13,3.3217669084564206e-15
262,-6.932576791263698e-05,1.5378780560911238e-13,4.547473508864641e-13,3.338629257904855e-15
263,-6.932576791263698e-05,1.5378780560911238e-13,4.547473508864641e-13,3.451342441516806e-15
264,-6.932576791263698e-05,1.5378780560911238e-13,4.547473508864641e-13,3.391313206254782e-15
265,-6.932576791263698e-05,1.5378780560911238e-13,4.547473508864641e-13,3.293011323253228e-15
266,-6.932576791263698e-05,1.5378780560911238e-13,4.547473508864641e-13,3.2433428027265848e-15
267,-6.932576791263698e-05,1.5378780560911238e-13,4.547473508864641e-13,3.111541241020037e-15
268,-6.932576791263698e-05,1.5378780560911238e-13,4.547473508864641e-13,3.2571967453130787e-15
269,-6.932576791263698e-05,1.5378780560911238e-13,4.547473508864641e-13,3.5704829319757896e-15
270,-6.932576791263698e-05,1.5378780560911238e-13,4.547473508864641e-13,3.3173385645615797e-15
271,-6.932576791263698e-05,1.5378780560911238e-13,4.547473508864641e-13,3.3146486482854118e-15
272,-6.932576791263698e-05,1.5378780560911238e-13,4.547473508864641e-13,3.1992509899971643e-15
273,-6.932576791263698e-05,1.5378780560911238e-13,4.547473508864641e-13,2.9942439864038024e-15
274,-6.932576791263698e-05,1.5378780560911238e-13,4.547473508864641e-13,3.5344519012491006e-15
275,-6.932576791263698e-05,1.5378780560911238e-13,4.547473508864641e-13,3.2043967224175108e-15
276,-6.932576791263698e-05,1.5378780560911238e-13,4.547473508864641e-13,3.40374338720224e-15
277,-6.932576791263698e-05,1.5378780560911238e-13,4.547473508864641e-13,3.306242160910631e-15
278,-6.932576791263698e-05,1.5378780560911238e-13,4.547473508864641e-13,3.452484497639876e-15
279,-6.932576791263698e-05,1.5378780560911238e-13,4.547473508864641e-13,3.300993626276733e-15
280,-6.932576791263698e-05,1.5378780560911238e-13,4.547473508864641e-13,3.24329758527458e-15
281,-6.932576791263698e-05,1.5378780560911238e-13,4.547473508864641e-13,3.3430350533348114e-15
282,-6.932576791263698e-05,1.5378780560911238e-13,4.547473508864641e-13,3.2005320283974993e-15
283,-6.932576791263698e-05,1.5378780560911238e-13,4.547473508864641e-13,3.390936687552624e-15
284,-6.932576791263698e-05,1.5378780560911238e-13,4.547473508864641e-13,3.234821043511311e-15
285,-6.932576791263698e-05,1.5378780560911238e-13,4.547473508864641e-13,3.081001262680666e-15
286,-6.932576791263698e-05,1.5378780560911238e-13,4.547473508864641e-13,3.0383569702156257e-15
287,-6.932576791263698e-05,1.5378780560911238e-13,4.547473508864641e-13,3.1691285273555006e-15
288,-6.932576791263698e-05,1.5378780560911238e-13,4.547473508864641e-13,3.490033966022789e-15
289,-6.932576791263698e-05,1.5378780560911238e-13,4.547473508864641e-13,3.2726945336492515e-15
290,-6.932576791263698e-05,1.5378780560911238e-13,4.547473508864641e-13,3.3407792092512274e-15
291,-6.932576791263698e-05,1.5378780560911238e-13,4.547473508864641e-13,3.1232018863375188e-15
292,-6.932576791263698e-05,1.5378780560911238e-13,4.547473508864641e-13,3.1789080802801543e-15
293,-6.932576791263698e-05,1.5378780560911238e-13,4.547473508864641e-13,3.3994067294967584e-15
294,-6.932576791263698e-05,1.5378780560911238e-13,4.547473508864641e-13,3.3140090356780506e-15
295,-6.932576791263698e-05,1.5378780560911238e-13,4.547473508864641e-13,3.4586686956984674e-15
296,-6.932576791263698e-05,1.5378780560911238e-13,4.547473508864641e-13,3.3591404266751697e-15
297,-6.932576791263698e-05,1.5378780560911238e-13,4.547473508864641e-13,3.3603621496128867e-15
298,-6.932576791263698e-05,1.5378780560911238e-13,4.547473508864641e-13,3.2983759421478826e-15
299,-6.932576791263698e-05,1.5378780560911238e-13,4.547473508864641e-13,3.301869936880094e-15
300,-6.932576791263698e-05,1.5378780560911238e-13,4.547473508864641e-13,3.435356494223917e-15
301,-6.932576791263698e-05,1.5378780560911238e-13,4.547473508864641e-13,3.040330772833344e-15
302,-6.932576791263698e-05,1.5378780560911238e-13,4.547473508864641e-13,3.2625246739390795e-15
303,-6.932576791263698e-05,1.5378780560911238e-13,4.547473508864641e-13,3.365451834871188e-15
304,-6.932576791263698e-05,1.5378780560911238e-13,4.547473508864641e-13,3.233416302978932e-15
305,-6.932576791263698e-05,1.5378780560911238e-13,4.547473508864641e-13,3.2418394447986807e-15
306,-6.932576791263698e-05,1.5378780560911238e-13,4.547473508864641e-13,3.160402332763224e-15
307,-6.932576791263698e-05,1.5378780560911238e-13,4.547473508864641e-13,3.2116437898719434e-15
308,-6.932576791263698e-05,1.5378780560911238e-13,4.547473508864641e-13,3.4783148605218317e-15
309,-6.932576791263698e-05,1.5378780560911238e-13,4.547473508864641e-13,3.3907474210266403e-15
310,-6.932576791263698e-05,1.5378780560911238e-13,4.547473508864641e-13,3.2162074176720114e-15
311,-6.932576791263698e-05,1.5378780560911238e-13,4.547473508864641e-13,3.293479972491056e-15
312,-6.932576791263698e-05,1.5378780560911238e-13,4.547473508864641e-13,3.2292024336922915e-15
313,-6.932576791263698e-05,1.5378780560911238e-13,4.547473508864641e-13,3.2650992269235224e-15
314,-6.932576791263698e-05,1.5378780560911238e-13,4.547473508864641e-13,3.299986683522038e-15
315,-6.932576791263698e-05,1.5378780560911238e-13,4.547473508864641e-13,3.2384882944080232e-15
316,-6.932576791263698e-05,1.5378780560911238e-13,4.547473508864641e-13,3.0841125643169185e-15
317,-6.932576791263698e-05,1.5378780560911238e-13,4.547473508864641e-13,3.1967623288155205e-15
318,-6.932576791263698e-05,1.5378780560911238e-13,4.547473508864641e-13,3.237050356903103e-15
319,-6.932576791263698e-05,1.5378780560911238e-13,4.547473508864641e-13,3.228641226215962e-15
320,-6.932576791263698e-05,1.5378780560911238e-13,4.547473508864641e-13,3.2411742792291367e-15
321,-6.932576791263698e-05,1.5378780560911238e-13,4.547473508864641e-13,3.279655571278805e-15
322,-6.932576791263698e-05,1.5378780560911238e-13,4.547473508864641e-13,3.3608161047114634e-15
323,-6.932576791263698e-05,1.5378780560911238e-13,4.547473508864641e-13,3.2464150691153537e-15
324,-6.932576791263698e-05,1.5378780560911238e-13,4.547473508864641e-13,3.307990532611633e-15
325,-6.932576791263698e-05,1.5378780560911238e-13,4.547473508864641e-13,3.400520418605597e-15
326,-6.932576791263698e-05,1.5378780560911238e-13,4.547473508864641e-13,3.1165769722957158e-15
327,-6.932576791263698e-05,1.5378780560911238e-13,4.547473508864641e-13,3.319361306862055e-15
328,-6.932576791263698e-05,1.5378780560911238e-13,4.547473508864641e-13,3.152385165356455e-15
329,-6.932576791263698e-05,1.5378780560911238e-13,4.547473508864641e-13,3.31993169479337e-15
330,-6.932576791263698e-05,1.5378780560911238e-13,4.547473508864641e-13,3.3587490880561045e-15
331,-6.932576791263698e-05,1.5378780560911238e-13,4.547473508864641e-13,3.2855854173170677e-15
332,-6.932576791263698e-05,1.5378780560911238e-13,4.547473508864641e-13,3.0917662942103183e-15
333,-6.932576791263698e-05,1.5378780560911238e-13,4.547473508864641e-13,3.369455293963658e-15
334,-6.932576791263698e-05,1.5378780560911238e-13,4.547473508864641e-13,3.249772022160556e-15
335,-6.932576791263698e-05,1.5378780560911238e-13,4.547473508864641e-13,3.3835440850607054e-15
336,-6.932576791263698e-05,1.5378780560911238e-13,4.547473508864641e-13,3.2422136709833546e-15
337,-6.932576791263698e-05,1.5378780560911238e-13,4.547473508864641e-13,3.2613604023112845e-15
338,-6.932576791263698e-05,1.5378780560911238e-13,4.547473508864641e-13,3.360312364027922e-15
339,-6.932576791263698e-05,1.5378780560911238e-13,4.547473508864641e-13,3.043326960396884e-15
340,-6.932576791263698e-05,1.5378780560911238e-13,4.547473508864641e-13,3.2765399371633708e-15
341,-6.932576791263698e-05,1.5378780560911238e-13,4.547473508864641e-13,3.3895040645901146e-15
342,-6.932576791263698e-05,1.5378780560911238e-13,4.547473508864641e-13,3.5201958603532344e-15
343,-6.932576791263698e-05,1.5378780560911238e-13,4.547473508864641e-13,3.3382895311520577e-15
344,-6.932576791263698e-05,1.5378780560911238e-13,4.547473508864641e-13,3.4612374642746742e-15
345,-6.932576791263698e-05,1.5378780560911238e-13,4.547473508864641e-13,3.431257443188002e-15
346,-6.932576791263698e-05,1.5378780560911238e-13,4.547473508864641e-13,3.1366662447072368e-15
347,-6.932576791263698e-05,1.5378780560911238e-13,4.547473508864641e-13,3.305087456644834e-15
348,-6.932576791263698e-05,1.5378780560911238e-13,4.547473508864641e-13,3.2116590305000554e-15
349,-6.932576791263698e-05,1.5378780560911238e-13,4.547473508864641e-13,3.344420084121084e-15
350,-6.932576791263698e-05,1.5378780560911238e-13,4.547473508864641e-13,3.4142577049092483e-15
351,-6.932576791263698e-05,1.5378780560911238e-13,4.547473508864641e-13,3.1968755091896206e-15
352,-6.932576791263698e-05,1.5378780560911238e-13,4.547473508864641e-13,3.278972996768109e-15
353,-6.932576791263698e-05,1.5378780560911238e-13,4.547473508864641e-13,3.279776772367207e-15
354,-6.932576791263698e-05,1.5378780560911238e-13,4.547473508864641e-13,3.2389216880941482e-15
355,-6.932576791263698e-05,1.5378780560911238e-13,4.547473508864641e-13,3.146114458313477e-15
356,-6.932576791263698e-05,1.5378780560911238e-13,4.547473508864641e-13,3.1755329400497223e-15
357,-6.932576791263698e-05,1.5378780560911238e-13,4.547473508864641e-13,3.3190957250500976e-15
358,-6.932576791263698e-05,1.5378780560911238e-13,4.547473508864641e-13,3.3829849506687883e-15
359,-6.932576791263698e-05,1.5378780560911238e-13,4.547473508864641e-13,3.323920637050595e-15
360,-6.932576791263698e-05,1.5378780560911238e-13,4.547473508864641e-13,3.2949007468776063e-15
361,-6.932576791263698e-05,1.5378780560911238e-13,4.547473508864641e-13,3.2128414739798254e-15
362,-6.932576791263698e-05,1.5378780560911238e-13,4.547473508864641e-13,3.405156901446653e-15
363,-6.932576791263698e-05,1.5378780560911238e-13,4.547473508864641e-13,3.0936961728921247e-15
364,-6.932576791263698e-05,1.5378780560911238e-13,4.547473508864641e-13,3.3250743584866195e-15
365,-6.932576791263698e-05,1.5378780560911238e-13,4.547473508864641e-13,3.298922606919993e-15
366,-6.932576791263698e-05,1.5378780560911238e-13,4.547473508864641e-13,3.5525050961230306e-15
367,-6.932576791263698e-05,1.5378780560911238e-13,4.547473508864641e-13,3.171979029633104e-15
368,-6.932576791263698e-05,1.5378780560911238e-13,4.547473508864641e-13,3.2068462637250126e-15
369,-6.932576791263698e-05,1.5378780560911238e-13,4.547473508864641e-13,3.3956812062217552e-15
370,-6.932576791263698e-05,1.5378780560911238e-13,4.547473508864641e-13,3.2765109204549214e-15
371,-6.932576791263698e-05,1.5378780560911238e-13,4.547473508864641e-13,3.3749121907911536e-15
372,-6.932576791263698e-05,1.5378780560911238e-13,4.547473508864641e-13,3.174710266201805e-15
373,-6.932576791263698e-05,1.5378780560911238e-13,4.547473508864641e-13,3.3690301368773618e-15
374,-6.932576791263698e-05,1.5378780560911238e-13,4.547473508864641e-13,3.227903115870113e-15
375,-6.932576791263698e-05,1.5378780560911238e-13,4.547473508864641e-13,3.323960726225575e-15
376,-6.932576791263698e-05,1.5378780560911238e-13,4.547473508864641e-13,3.301111893148611e-15
377,-6.932576791263698e-05,1.5378780560911238e-13,4.547473508864641e-13,3.419083730809678e-15
378,-6.932576791263698e-05,1.5378780560911238e-13,4.547473508864641e-13,3.3090142085665594e-15
379,-6.932576791263698e-05,1.5378780560911238e-13,4.547473508864641e-13,3.145170772155475e-15
380,-6.932576791263698e-05,1.5378780560911238e-13,4.547473508864641e-13,3.2532278418604616e-15
381,-6.932576791263698e-05,1.5378780560911238e-13,4.547473508864641e-13,3.4915526963109508e-15
382,-6.932576791263698e-05,1.5378780560911238e-13,4.547473508864641e-13,3.3566599828667588e-15
383,-6.932576791263698e-05,1.5378780560911238e-13,4.547473508864641e-13,3.3749621511018623e-15
384,-6.932576791263698e-05,1.5378780560911238e-13,4.547473508864641e-13,3.1975619626899276e-15
385,-6.932576791263698e-05,1.5378780560911238e-13,4.547473508864641e-13,3.2808847934154113e-15
386,-6.932576791263698e-05,1.5378780560911238e-13,4.547473508864641e-13,3.23944074922916e-15
387,-6.932576791263698e-05,1.5378780560911238e-13,4.547473508864641e-13,3.5277538226203682e-15
388,-6.932576791263698e-05,1.5378780560911238e-13,4.547473508864641e-13,3.4177413255824298e-15
389,-6.932576791263698e-05,1.5378780560911238e-13,4.547473508864641e-13,3.3155304969856256e-15
390,-6.932576791263698e-05,1.5378780560911238e-13,4.547473508864641e-13,3.3854364540646704e-15
391,-6.932576791263698e-05,1.5378780560911238e-13,4.547473508864641e-13,3.2129064525003323e-15
392,-6.932576791263698e-05,1.5378780560911238e-13,4.547473508864641e-13,3.3393599596102107e-15
393,-6.932576791263698e-05,1.5378780560911238e-13,4.547473508864641e-13,3.30305395185875e-15
394,-6.932576791263698e-05,1.5378780560911238e-13,4.547473508864641e-13,3.2136902328680217e-15
395,-6.932576791263698e-05,1.5378780560911238e-13,4.547473508864641e-13,3.2335901167414484e-15
396,-6.932576791263698e-05,1.5378780560911238e-13,4.547473508864641e-13,3.4811243562506858e-15
397,-6.932576791263698e-05,1.5378780560911238e-13,4.547473508864641e-13,3.1694103549640748e-15
398,-6.932576791263698e-05,1.5378780560911238e-13,4.547473508864641e-13,3.0097100862343162e-15
399,-6.932576791263698e-05,1.5378780560911238e-13,4.547473508864641e-13,3.3905022144086432e-15
400,-6.932576791263698e-05,1.5378780560911238e-13,4.547473508864641e-13,3.4274112743538444e-15
401,-6.932576791263698e-05,1.5378780560911238e-13,4.547473508864641e-13,3.170005944159781e-15
402,-6.932576791263698e-05,1.5378780560911238e-13,4.547473508864641e-13,3.4782490679142824e-15
403,-6.932576791263698e-05,1.5378780560911238e-13,4.547473508864641e-13,3.2131134237444163e-15
404,-6.932576791263698e-05,1.5378780560911238e-13,4.547473508864641e-13,3.3528865276195773e-15
405,-6.932576791263698e-05,1.5378780560911238e-13,4.547473508864641e-13,3.3082018738112683e-15
406,-6.932576791263698e-05,1.5378780560911238e-13,4.547473508864641e-13,3.3452899525013955e-15
407,-6.932576791263698e-05,1.5378780560911238e-13,4.547473508864641e-13,3.1554022400036674e-15
408,-6.932576791263698e-05,1.5378780560911238e-13,4.547473508864641e-13,3.2083420863010853e-15
409,-6.932576791263698e-05,1.5378780560911238e-13,4.547473508864641e-13,3.3012069536808802e-15
410,-6.932576791263698e-05,1.5378780560911238e-13,4.547473508864641e-13,3.165060852072459e-15
411,-6.932576791263698e-05,1.5378780560911238e-13,4.547473508864641e-13,3.227097216652154e-15
412,-6.932576791263698e-05,1.5378780560911238e-13,4.547473508864641e-13,3.2134749731404746e-15
413,-6.932576791263698e-05,1.5378780560911238e-13,4.547473508864641e-13,3.1128183463810594e-15
414,-6.932576791263698e-05,1.5378780560911238e-13,4.547473508864641e-13,3.219847839089459e-15
415,-6.932576791263698e-05,1.5378780560911238e-13,4.547473508864641e-13,3.438960393081924e-15
416,-6.932576791263698e-05,1.5378780560911238e-13,4.547473508864641e-13,3.3071706670494945e-15
417,-6.932576791263698e-05,1.5378780560911238e-13,4.547473508864641e-13,3.3980774450521203e-15
418,-6.932576791263698e-05,1.5378780560911238e-13,4.547473508864641e-13,3.312163603755357e-15
419,-6.932576791263698e-05,1.5378780560911238e-13,4.547473508864641e-13,3.2994913266461796e-15
420,-6.932576791263698e-05,1.5378780560911238e-13,4.547473508864641e-13,3.2979823689547644e-15
421,-6.932576791263698e-05,1.5378780560911238e-13,4.547473508864641e-13,3.0892205571365245e-15
422,-6.932576791263698e-05,1.5378780560911238e-13,4.547473508864641e-13,3.3460009735686767e-15
423,-6.932576791263698e-05,1.5378780560911238e-13,4.547473508864641e-13,3.3839022510853768e-15
424,-6.932576791263698e-05,1.5378780560911238e-13,4.547473508864641e-13,3.3526993484720387e-15
425,-6.932576791263698e-05,1.5378780560911238e-13,4.547473508864641e-13,3.4545948967471067e-15
426,-6.932576791263698e-05,1.5378780560911238e-13,4.547473508864641e-13,3.2349835464328074e-15
427,-6.932576791263698e-05,1.5378780560911238e-13,4.547473508864641e-13,3.267504499397775e-15
428,-6.932576791263698e-05,1.5378780560911238e-13,4.547473508864641e-13,3.1111835636209078e-15
429,-6.932576791263698e-05,1.5378780560911238e-13,4.547473508864641e-13,3.231103340078592e-15
430,-6.932576791263698e-05,1.5378780560911238e-13,4.547473508864641e-13,3.275868583726631e-15
431,-6.932576791263698e-05,1.5378780560911238e-13,4.547473508864641e-13,3.161758835768572e-15
432,-6.932576791263698e-05,1.5378780560911238e-13,4.547473508864641e-13,3.1627271575413084e-15
433,-6.932576791263698e-05,1.5378780560911238e-13,4.547473508864641e-13,3.084800469726283e-15
434,-6.932576791263698e-05,1.5378780560911238e-13,4.547473508864641e-13,3.4851979728592846e-15
435,-6.932576791263698e-05,1.5378780560911238e-13,4.547473508864641e-13,3.3722989571576543e-15
436,-6.932576791263698e-05,1.5378780560911238e-13,4.547473508864641e-13,3.1409460873449804e-15
437,-6.932576791263698e-05,1.5378780560911238e-13,4.547473508864641e-13,3.218164639611652e-15
438,-6.932576791263698e-05,1.5378780560911238e-13,4.547473508864641e-13,3.192397098076652e-15
439,-6.932576791263698e-05,1.5378780560911238e-13,4.547473508864641e-13,3.3194216363589883e-15
440,-6.932576791263698e-05,1.5378780560911238e-13,4.547473508864641e-13,3.385943400314455e-15
441,-6.932576791263698e-05,1.5378780560911238e-13,4.547473508864641e-13,3.3626555307871133e-15
442,-6.932576791263698e-05,1.5378780560911238e-13,4.547473508864641e-13,3.102001532957954e-15
443,-6.932576791263698e-05,1.5378780560911238e-13,4.547473508864641e-13,3.182771833780163e-15
444,-6.932576791263698e-05,1.5378780560911238e-13,4.547473508864641e-13,3.242089209276922e-15
445,-6.932576791263698e-05,1.5378780560911238e-13,4.547473508864641e-13,3.141742716460866e-15
446,-6.932576791263698e-05,1.5378780560911238e-13,4.547473508864641e-13,3.5162674017048037e-15
447,-6.932576791263698e-05,1.5378780560911238e-13,4.547473508864641e-13,3.195444537840711e-15
448,-6.932576791263698e-05,1.5378780560911238e-13,4.547473508864641e-13,3.320760870004264e-15
449,-6.932576791263698e-05,1.5378780560911238e-13,4.547473508864641e-13,3.387057268313756e-15
450,-6.932576791263698e-05,1.5378780560911238e-13,4.547473508864641e-13,3.204701961081326e-15
451,-6.932576791263698e-05,1.5378780560911238e-13,4.547473508864641e-13,3.1181896713899034e-15
452,-6.932576791263698e-05,1.5378780560911238e-13,4.547473508864641e-13,3.2845000547414047e-15
453,-6.932576791263698e-05,1.5378780560911238e-13,4.547473508864641e-13,3.264292168532279e-15
454,-6.932576791263698e-05,1.5378780560911238e-13,4.547473508864641e-13,3.142198896311083e-15
455,-6.932576791263698e-05,1.5378780560911238e-13,4.547473508864641e-13,3.2572244183494258e-15
456,-6.932576791263698e-05,1.5378780560911238e-13,4.547473508864641e-13,3.263518149277424e-15
457,-6.932576791263698e-05,1.5378780560911238e-13,4.547473508864641e-13,3.201547957170263e-15
458,-6.932576791263698e-05,1.5378780560911238e-13,4.547473508864641e-13,3.3088880675276996e-15
459,-6.932576791263698e-05,1.5378780560911238e-13,4.547473508864641e-13,3.296455518517522e-15
460,-6.932576791263698e-05,1.5378780560911238e-13,4.547473508864641e-13,3.406561837412941e-15
461,-6.932576791263698e-05,1.5378780560911238e-13,4.547473508864641e-13,3.2387131431324203e-15
462,-6.932576791263698e-05,1.5378780560911238e-13,4.547473508864641e-13,3.1616934158119592e-15
463,-6.932576791263698e-05,1.5378780560911238e-13,4.547473508864641e-13,3.290304276865527e-15
464,-6.932576791263698e-05,1.5378780560911238e-13,4.547473508864641e-13,3.2777712027661966e-15
465,-6.932576791263698e-05,1.5378780560911238e-13,4.547473508864641e-13,3.2655285129154085e-15
466,-6.932576791263698e-05,1.5378780560911238e-13,4.547473508864641e-13,3.403394935414066e-15
467,-6.932576791263698e-05,1.5378780560911238e-13,4.547473508864641e-13,3.2010628375319377e-15
468,-6.932576791263698e-05,1.5378780560911238e-13,4.547473508864641e-13,3.2057186071329704e-15
469,-6.932576791263698e-05,1.5378780560911238e-13,4.547473508864641e-13,3.3311633007118157e-15
470,-6.932576791263698e-05,1.5378780560911238e-13,4.547473508864641e-13,3.366546071681848e-15
471,-6.932576791263698e-05,1.5378780560911238e-13,4.547473508864641e-13,3.3588397456012974e-15
472,-6.932576791263698e-05,1.5378780560911238e-13,4.547473508864641e-13,3.31613625441658e-15
473,-6.932576791263698e-05,1.5378780560911238e-13,4.547473508864641e-13,3.2334973726370045e-15
474,-6.932576791263698e-05,1.5378780560911238e-13,4.547473508864641e-13,3.4209975778441396e-15
475,-6.932576791263698e-05,1.5378780560911238e-13,4.547473508864641e-13,3.4385446914131978e-15
476,-6.932576791263698e-05,1.5378780560911238e-13,4.547473508864641e-13,3.396821116060894e-15
477,-6.932576791263698e-05,1.5378780560911238e-13,4.547473508864641e-13,3.3801060137490768e-15
478,-6.932576791263698e-05,1.5378780560911238e-13,4.547473508864641e-13,3.2087593591328137e-15
479,-6.932576791263698e-05,1.5378780560911238e-13,4.547473508864641e-13,3.2078247210101156e-15
480,-6.932576791263698e-05,1.5378780560911238e-13,4.547473508864641e-13,3.253068880934809e-15
481,-6.932576791263698e-05,1.5378780560911238e-13,4.547473508864641e-13,3.0826346479168003e-15
482,-6.932576791263698e-05,1.5378780560911238e-13,4.547473508864641e-13,3.351973336134679e-15
483,-6.932576791263698e-05,1.5378780560911238e-13,4.547473508864641e-13,3.3762029385380796e-15
484,-6.932576791263698e-05,1.5378780560911238e-13,4.547473508864641e-13,3.331814155946921e-15
485,-6.932576791263698e-05,1.5378780560911238e-13,4.547473508864641e-13,3.455159317422069e-15
486,-6.932576791263698e-05,1.5378780560911238e-13,4.547473508864641e-13,3.3727360958777454e-15
487,-6.932576791263698e-05,1.5378780560911238e-13,4.547473508864641e-13,3.2171973946155017e-15
488,-6.932576791263698e-05,1.5378780560911238e-13,4.547473508864641e-13,3.080761194664199e-15
489,-6.932576791263698e-05,1.5378780560911238e-13,4.547473508864641e-13,3.008937413681053e-15
490,-6.932576791263698e-05,1.5378780560911238e-13,4.547473508864641e-13,3.232859899423496e-15
491,-6.932576791263698e-05,1.5378780560911238e-13,4.547473508864641e-13,3.2573710656387546e-15
492,-6.932576791263698e-05,1.5378780560911238e-13,4.547473508864641e-13,3.2617089345737245e-15
493,-6.932576791263698e-05,1.5378780560911238e-13,4.547473508864641e-13,3.1124846544119282e-15
494,-6.932576791263698e-05,1.5378780560911238e-13,4.547473508864641e-13,3.3426003604427287e-15
495,-6.932576791263698e-05,1.5378780560911238e-13,4.547473508864641e-13,3.2846769914879582e-15
496,-6.932576791263698e-05,1.5378780560911238e-13,4.547473508864641e-13,3.220600803934526e-15
497,-6.932576791263698e-05,1.5378780560911238e-13,4.547473508864641e-13,3.1675818719077455e-15
498,-6.932576791263698e-05,1.5378780560911238e-13,4.547473508864641e-13,3.3451102197992925e-15
499,-6.932576791263698e-05,1.5378780560911238e-13,4.547473508864641e-13,3.284678909682014e-15
500,-6.932576791263698e-05,1.5378780560911238e-13,4.547473508864641e-13,3.2830631786469532e-15
501,-6.932576791263698e-05,1.5378780560911238e-13,4.547473508864641e-13,3.264278513247545e-15
502,-6.932576791263698e-05,1.5378780560911238e-13,4.547473508864641e-13,3.0189418120717493e-15
503,-6.932576791263698e-05,1.5378780560911238e-13,4.547473508864641e-13,3.1514655579299816e-15
504,-6.932576791263698e-05,1.5378780560911238e-13,4.547473508864641e-13,3.232251176541435e-15
505,-6.932576791263698e-05,1.5378780560911238e-13,4.547473508864641e-13,3.1457113714130413e-15
506,-6.932576791263698e-05,1.5378780560911238e-13,4.547473508864641e-13,3.2639164401082588e-15
507,-6.932576791263698e-05,1.5378780560911238e-13,4.547473508864641e-13,3.0627208405365986e-15
508,-6.932576791263698e-05,1.5378780560911238e-13,4.547473508864641e-13,3.3665296886209993e-15
509,-6.932576791263698e-05,1.5378780560911238e-13,4.547473508864641e-13,3.3290154018745428e-15
510,-6.932576791263698e-05,1.5378780560911238e-13,4.547473508864641e-13,3.3196724615909523e-15
511,-6.932576791263698e-05,1.5378780560911238e-13,4.547473508864641e-13,3.132301911465678e-15
512,-6.932576791263698e-05,1.5378780560911238e-13,4.547473508864641e-13,3.410346576570748e-15
513,-6.932576791263698e-05,1.5378780560911238e-13,4.547473508864641e-13,3.1269805709472627e-15
514,-6.932576791263698e-05,1.5378780560911238e-13,4.547473508864641e-13,3.225042981062585e-15
515,-6.932576791263698e-05,1.5378780560911238e-13,4.547473508864641e-13,3.194525992385022e-15
516,-6.932576791263698e-05,1.5378780560911238e-13,4.547473508864641e-13,3.400012465070457e-15
517,-6.932576791263698e-05,1.5378780560911238e-13,4.547473508864641e-13,3.4166880497447533e-15
518,-6.932576791263698e-05,1.5378780560911238e-13,4.547473508864641e-13,3.1482842528040242e-15
519,-6.932576791263698e-05,1.5378780560911238e-13,4.547473508864641e-13,3.2682131933956105e-15
520,-6.932576791263698e-05,1.5378780560911238e-13,4.547473508864641e-13,3.2983813592076033e-15
521,-6.932576791263698e-05,1.5378780560911238e-13,4.547473508864641e-13,3.596101645314542e-15
522,-6.932576791263698e-05,1.5378780560911238e-13,4.547473508864641e-13,3.2821011774379135e-15
523,-6.932576791263698e-05,1.5378780560911238e-13,4.547473508864641e-13,3.0664616282207454e-15
524,-6.932576791263698e-05,1.5378780560911238e-13,4.547473508864641e-13,3.2133418185920986e-15
525,-6.932576791263698e-05,1.5378780560911238e-13,4.547473508864641e-13,3.155831578484208e-15
526,-6.932576791263698e-05,1.5378780560911238e-13,4.547473508864641e-13,3.348733229395312e-15
527,-6.932576791263698e-05,1.5378780560911238e-13,4.547473508864641e-13,3.236858396732674e-15
528,-6.932576791263698e-05,1.5378780560911238e-13,4.547473508864641e-13,3.3763952067543516e-15
529,-6.932576791263698e-05,1.5378780560911238e-13,4.547473508864641e-13,3.0876371486102223e-15
530,-6.932576791263698e-05,1.5378780560911238e-13,4.547473508864641e-13,3.4247135330774897e-15
531,-6.932576791263698e-05,1.5378780560911238e-13,4.547473508864641e-13,3.2265507112819213e-15
532,-6.932576791263698e-05,1.5378780560911238e-13,4.547473508864641e-13,3.307126763047974e-15
533,-6.932576791263698e-05,1.5378780560911238e-13,4.547473508864641e-13,3.173298297179504e-15
534,-6.932576791263698e-05,1.5378780560911238e-13,4.547473508864641e-13,3.1751019562046158e-15
535,-6.932576791263698e-05,1.5378780560911238e-13,4.547473508864641e-13,3.3438624649700736e-15
536,-6.932576791263698e-05,1.5378780560911238e-13,4.547473508864641e-13,3.3224468898876098e-15
537,-6.932576791263698e-05,1.5378780560911238e-13,4.547473508864641e-13,3.0703485836098975e-15
538,-6.932576791263698e-05,1.5378780560911238e-13,4.547473508864641e-13,3.223087587264032e-15
539,-6.932576791263698e-05,1.5378780560911238e-13,4.547473508864641e-13,3.3281945135013857e-15
540,-6.932576791263698e-05,1.5378780560911238e-13,4.547473508864641e-13,3.4404522227789753e-15
541,-6.932576791263698e-05,1.5378780560911238e-13,4.547473508864641e-13,3.264084164121247e-15
542,-6.932576791263698e-05,1.5378780560911238e-13,4.547473508864641e-13,3.250283043203205e-15
543,-6.932576791263698e-05,1.5378780560911238e-13,4.547473508864641e-13,3.2181707615068275e-15
544,-6.932576791263698e-05,1.5378780560911238e-13,4.547473508864641e-13,3.3323020693181786e-15
545,-6.932576791263698e-05,1.5378780560911238e-13,4.547473508864641e-13,3.4445041032400587e-15
546,-6.932576791263698e-05,1.5378780560911238e-13,4.547473508864641e-13,3.198936103413145e-15
547,-6.932576791263698e-05,1.5378780560911238e-13,4.547473508864641e-13,3.419914273929998e-15
548,-6.932576791263698e-05,1.5378780560911238e-13,4.547473508864641e-13,3.2529171251188227e-15
549,-6.932576791263698e-05,1.5378780560911238e-13,4.547473508864641e-13,3.0655515690473885e-15
550,-6.932576791263698e-05,1.5378780560911238e-13,4.547473508864641e-13,3.2499303486062578e-15
551,-6.932576791263698e-05,1.5378780560911238e-13,4.547473508864641e-13,3.243863316178833e-15
552,-6.932576791263698e-05,1.5378780560911238e-13,4.547473508864641e-13,3.100297409847673e-15
553,-6.932576791263698e-05,1.5378780560911238e-13,4.547473508864641e-13,3.153162367168522e-15
554,-6.932576791263698e-05,1.5378780560911238e-13,4.547473508864641e-13,3.181057945250381e-15
555,-6.932576791263698e-05,1.5378780560911238e-13,4.547473508864641e-13,3.060862864993289e-15
556,-6.932576791263698e-05,1.5378780560911238e-13,4.547473508864641e-13,3.2357925819329427e-15
557,-6.932576791263698e-05,1.5378780560911238e-13,4.547473508864641e-13,3.3152490780768618e-15
558,-6.932576791263698e-05,1.5378780560911238e-13,4.547473508864641e-13,3.092602153192782e-15
559,-6.932576791263698e-05,1.5378780560911238e-13,4.547473508864641e-13,3.3882681064123613e-15
560,-6.932576791263698e-05,1.5378780560911238e-13,4.547473508864641e-13,3.4000519751355726e-15
561,-6.932576791263698e-05,1.5378780560911238e-13,4.547473508864641e-13,3.2909470964311192e-15
562,-6.932576791263698e-05,1.5378780560911238e-13,4.547473508864641e-13,3.301738125596223e-15
563,-6.932576791263698e-05,1.5378780560911238e-13,4.547473508864641e-13,3.1872886565339665e-15
564,-6.932576791263698e-05,1.5378780560911238e-13,4.547473508864641e-13,3.1965058894757336e-15
565,-6.932576791263698e-05,1.5378780560911238e-13,4.547473508864641e-13,3.2505368311658236e-15
566,-6.932576791263698e-05,1.5378780560911238e-13,4.547473508864641e-13,3.2509557607257874e-15
567,-6.932576791263698e-05,1.5378780560911238e-13,4.547473508864641e-13,3.180453027273658e-15
568,-6.932576791263698e-05,1.5378780560911238e-13,4.547473508864641e-13,3.1594367958135094e-15
569,-6.932576791263698e-05,1.5378780560911238e-13,4.547473508864641e-13,3.2706020293667584e-15
570,-6.932576791263698e-05,1.5378780560911238e-13,4.547473508864641e-13,3.3648465292753083e-15
571,-6.932576791263698e-05,1.5378780560911238e-13,4.547473508864641e-13,3.348457591985872e-15
572,-6.932576791263698e-05,1.5378780560911238e-13,4.547473508864641e-13,3.1858265177583446e-15
573,-6.932576791263698e-05,1.5378780560911238e-13,4.547473508864641e-13,3.3014552888977723e-15
574,-6.932576791263698e-05,1.5378780560911238e-13,4.547473508864641e-13,3.4953595893712914e-15
575,-6.932576791263698e-05,1.5378780560911238e-13,4.547473508864641e-13,3.272068648714983e-15
576,-6.932576791263698e-05,1.5378780560911238e-13,4.547473508864641e-13,3.355295587770074e-15
577,-6.932576791263698e-05,1.5378780560911238e-13,4.547473508864641e-13,3.313291390507683e-15
578,-6.932576791263698e-05,1.5378780560911238e-13,4.547473508864641e-13,3.4425737404227738e-15
579,-6.932576791263698e-05,1.5378780560911238e-13,4.547473508864641e-13,3.051781543844272e-15
580,-6.932576791263698e-05,1.5378780560911238e-13,4.547473508864641e-13,3.361071828834818e-15
581,-6.932576791263698e-05,1.5378780560911238e-13,4.547473508864641e-13,3.3170656623751924e-15
582,-6.932576791263698e-05,1.5378780560911238e-13,4.547473508864641e-13,3.3429240505449644e-15
583,-6.932576791263698e-05,1.5378780560911238e-13,4.547473508864641e-13,3.29626636167615e-15
584,-6.932576791263698e-05,1.5378780560911238e-13,4.547473508864641e-13,3.278503765366409e-15
585,-6.932576791263698e-05,1.5378780560911238e-13,4.547473508864641e-13,3.387631900606724e-15
586,-6.932576791263698e-05,1.5378780560911238e-13,4.547473508864641e-13,3.314617582010034e-15
587,-6.932576791263698e-05,1.5378780560911238e-13,4.547473508864641e-13,3.1723897617268078e-15
588,-6.932576791263698e-05,1.5378780560911238e-13,4.547473508864641e-13,3.3893078786950235e-15
589,-6.932576791263698e-05,1.5378780560911238e-13,4.547473508864641e-13,3.2747636036503388e-15
590,-6.932576791263698e-05,1.5378780560911238e-13,4.547473508864641e-13,3.2324611275390035e-15
591,-6.932576791263698e-05,1.5378780560911238e-13,4.547473508864641e-13,3.3179662550230628e-15
592,-6.932576791263698e-05,1.5378780560911238e-13,4.547473508864641e-13,3.3370262065628254e-15
593,-6.932576791263698e-05,1.5378780560911238e-13,4.547473508864641e-13,3.4964363010000843e-15
594,-6.932576791263698e-05,1.5378780560911238e-13,4.547473508864641e-13,3.2768786760266523e-15
595,-6.932576791263698e-05,1.5378780560911238e-13,4.547473508864641e-13,3.344103892476432e-15
596,-6.932576791263698e-05,1.5378780560911238e-13,4.547473508864641e-13,3.269655977070588e-15
597,-6.932576791263698e-05,1.5378780560911238e-13,4.547473508864641e-13,3.389704622479493e-15
598,-6.932576791263698e-05,1.5378780560911238e-13,4.547473508864641e-13,3.1984630685789256e-15
599,-6.932576791263698e-05,1.5378780560911238e-13,4.547473508864641e-13,3.105325785219222e-15
600,-6.932576791263698e-05,1.5378780560911238e-13,4.547473508864641e-13,3.3293423617068352e-15
601,-6.932576791263698e-05,1.5378780560911238e-13,4.547473508864641e-13,3.2877135214887565e-15
602,-6.932576791263698e-05,1.5378780560911238e-13,4.547473508864641e-13,3.297455810989195e-15
603,-6.932576791263698e-05,1.5378780560911238e-13,4.547473508864641e-13,3.1223873051355878e-15
604,-6.932576791263698e-05,1.5378780560911238e-13,4.547473508864641e-13,3.2580936102383975e-15
605,-6.932576791263698e-05,1.5378780560911238e-13,4.547473508864641e-13,3.2619475775365074e-15
606,-6.932576791263698e-05,1.5378780560911238e-13,4.547473508864641e-13,3.444334598753331e-15
607,-6.932576791263698e-05,1.5378780560911238e-13,4.547473508864641e-13,3.308912011532746e-15
608,-6.932576791263698e-05,1.5378780560911238e-13,4.547473508864641e-13,3.38995278569087e-15
609,-6.932576791263698e-05,1.5378780560911238e-13,4.547473508864641e-13,3.264826941190192e-15
610,-6.932576791263698e-05,1.5378780560911238e-13,4.547473508864641e-13,3.3666218684883275e-15
611,-6.932576791263698e-05,1.5378780560911238e-13,4.547473508864641e-13,3.4535826499212353e-15
612,-6.932576791263698e-05,1.5378780560911238e-13,4.547473508864641e-13,3.1850920670302687e-15
613,-6.932576791263698e-05,1.5378780560911238e-13,4.547473508864641e-13,3.407714472084154e-15
614,-6.932576791263698e-05,1.5378780560911238e-13,4.547473508864641e-13,3.205854381005943e-15
615,-6.932576791263698e-05,1.5378780560911238e-13,4.547473508864641e-13,3.15785476545868e-15
616,-6.932576791263698e-05,1.5378780560911238e-13,4.547473508864641e-13,3.3212137396945573e-15
617,-6.932576791263698e-05,1.5378780560911238e-13,4.547473508864641e-13,3.2406800164491726e-15
618,-6.932576791263698e-05,1.5378780560911238e-13,4.547473508864641e-13,3.0412872160391987e-15
619,-6.932576791263698e-05,1.5378780560911238e-13,4.547473508864641e-13,3.4223311767911374e-15
620,-6.932576791263698e-05,1.5378780560911238e-13,4.547473508864641e-13,3.51735354081134e-15
621,-6.932576791263698e-05,1.5378780560911238e-13,4.547473508864641e-13,3.4784348575178447e-15
622,-6.932576791263698e-05,1.5378780560911238e-13,4.547473508864641e-13,3.436871435874967e-15
623,-6.932576791263698e-05,1.5378780560911238e-13,4.547473508864641e-13,3.275089806146544e-15
624,-6.932576791263698e-05,1.5378780560911238e-13,4.547473508864641e-13,3.4047382602089413e-15
625,-6.932576791263698e-05,1.5378780560911238e-13,4.547473508864641e-13,3.4691405618796324e-15
626,-6.932576791263698e-05,1.5378780560911238e-13,4.547473508864641e-13,3.2754236849748724e-15
627,-6.932576791263698e-05,1.5378780560911238e-13,4.547473508864641e-13,3.3409298451551185e-15
628,-6.932576791263698e-05,1.5378780560911238e-13,4.547473508864641e-13,3.4206668151006486e-15
629,-6.932576791263698e-05,1.5378780560911238e-13,4.547473508864641e-13,3.2789881108686708e-15
630,-6.932576791263698e-05,1.5378780560911238e-13,4.547473508864641e-13,3.2195677247602056e-15
631,-6.932576791263698e-05,1.5378780560911238e-13,4.547473508864641e-13,3.3864176137533615e-15
632,-6.932576791263698e-05,1.5378780560911238e-13,4.547473508864641e-13,3.3399203014175917e-15
633,-6.932576791263698e-05,1.5378780560911238e-13,4.547473508864641e-13,3.4051093035536448e-15
634,-6.932576791263698e-05,1.5378780560911238e-13,4.547473508864641e-13,3.0532312902061375e-15
635,-6.932576791263698e-05,1.5378780560911238e-13,4.547473508864641e-13,3.2823578198366702e-15
636,-6.932576791263698e-05,1.5378780560911238e-13,4.547473508864641e-13,3.382256194475081e-15
637,-6.932576791263698e-05,1.5378780560911238e-13,4.547473508864641e-13,3.319810925770807e-15
638,-6.932576791263698e-05,1.5378780560911238e-13,4.547473508864641e-13,3.4668182756248888e-15
639,-6.932576791263698e-05,1.5378780560911238e-13,4.547473508864641e-13,3.4684177071250845e-15
640,-6.932576791263698e-05,1.5378780560911238e-13,4.547473508864641e-13,3.3197617642830767e-15
641,-6.932576791263698e-05,1.5378780560911238e-13,4.547473508864641e-13,3.3070067349498094e-15
642,-6.932576791263698e-05,1.5378780560911238e-13,4.547473508864641e-13,3.2812446789038857e-15
643,-6.932576791263698e-05,1.5378780560911238e-13,4.547473508864641e-13,3.100831942479052e-15
644,-6.932576791263698e-05,1.5378780560911238e-13,4.547473508864641e-13,3.3517701137197675e-15
645,-6.932576791263698e-05,1.5378780560911238e-13,4.547473508864641e-13,3.1683787195496585e-15
646,-6.932576791263698e-05,1.5378780560911238e-13,4.547473508864641e-13,3.40744512373619e-15
647,-6.932576791263698e-05,1.5378780560911238e-13,4.547473508864641e-13,3.2590876860897166e-15
648,-6.932576791263698e-05,1.5378780560911238e-13,4.547473508864641e-13,3.1669256816626628e-15
649,-6.932576791263698e-05,1.5378780560911238e-13,4.547473508864641e-13,3.3531201257760726e-15
650,-6.932576791263698e-05,1.5378780560911238e-13,4.547473508864641e-13,3.4415829872177034e-15
651,-6.932576791263698e-05,1.5378780560911238e-13,4.547473508864641e-13,3.2169071103245486e-15
652,-6.932576791263698e-05,1.5378780560911238e-13,4.547473508864641e-13,3.2265007263014845e-15
653,-6.932576791263698e-05,1.5378780560911238e-13,4.547473508864641e-13,3.491261789502257e-15
654,-6.932576791263698e-05,1.5378780560911238e-13,4.547473508864641e-13,3.2176672076695548e-15
655,-6.932576791263698e-05,1.5378780560911238e-13,4.547473508864641e-13,3.247233202467552e-15
656,-6.932576791263698e-05,1.5378780560911238e-13,4.547473508864641e-13,3.10330109461502e-15
657,-6.932576791263698e-05,1.5378780560911238e-13,4.547473508864641e-13,3.382154264237313e-15
658,-6.932576791263698e-05,1.5378780560911238e-13,4.547473508864641e-13,3.250992193749127e-15
659,-6.932576791263698e-05,1.5378780560911238e-13,4.547473508864641e-13,3.2222356710835826e-15
660,-6.932576791263698e-05,1.5378780560911238e-13,4.547473508864641e-13,3.1457539708231006e-15
661,-6.932576791263698e-05,1.5378780560911238e-13,4.547473508864641e-13,3.4361536566401867e-15
662,-6.932576791263698e-05,1.5378780560911238e-13,4.547473508864641e-13,3.2831289872179557e-15
663,-6.932576791263698e-05,1.5378780560911238e-13,4.547473508864641e-13,3.1599363263030804e-15
664,-6.932576791263698e-05,1.5378780560911238e-13,4.547473508864641e-13,3.2227335213112907e-15
665,-6.932576791263698e-05,1.5378780560911238e-13,4.547473508864641e-13,3.226992177651206e-15
666,-6.932576791263698e-05,1.5378780560911238e-13,4.547473508864641e-13,3.267077415966257e-15
667,-6.932576791263698e-05,1.5378780560911238e-13,4.547473508864641e-13,3.3363587658002985e-15
668,-6.932576791263698e-05,1.5378780560911238e-13,4.547473508864641e-13,3.2879925065127e-15
669,-6.932576791263698e-05,1.5378780560911238e-13,4.547473508864641e-13,3.2470325620833672e-15
670,-6.932576791263698e-05,1.5378780560911238e-13,4.547473508864641e-13,3.0795146921636e-15
671,-6.932576791263698e-05,1.5378780560911238e-13,4.547473508864641e-13,3.2609653896148093e-15
672,-6.932576791263698e-05,1.5378780560911238e-13,4.547473508864641e-13,3.2669756485582168e-15
673,-6.932576791263698e-05,1.5378780560911238e-13,4.547473508864641e-13,3.252833793002143e-15
674,-6.932576791263698e-05,1.5378780560911238e-13,4.547473508864641e-13,3.166269696980987e-15
675,-6.932576791263698e-05,1.5378780560911238e-13,4.547473508864641e-13,3.263009186580206e-15
676,-6.932576791263698e-05,1.5378780560911238e-13,4.547473508864641e-13,3.2853540014729533e-15
677,-6.932576791263698e-05,1.5378780560911238e-13,4.547473508864641e-13,3.2290381399951584e-15
678,-6.932576791263698e-05,1.5378780560911238e-13,4.547473508864641e-13,3.1487808188990433e-15
679,-6.932576791263698e-05,1.5378780560911238e-13,4.547473508864641e-13,3.297955579692617e-15
680,-6.932576791263698e-05,1.5378780560911238e-13,4.547473508864641e-13,3.3324893077075355e-15
681,-6.932576791263698e-05,1.5378780560911238e-13,4.547473508864641e-13,3.3208919545639345e-15
682,-6.932576791263698e-05,1.5378780560911238e-13,4.547473508864641e-13,3.2347128393642313e-15
683,-6.932576791263698e-05,1.5378780560911238e-13,4.547473508864641e-13,3.240447874952397e-15
684,-6.932576791263698e-05,1.5378780560911238e-13,4.547473508864641e-13,3.342117664693843e-15
685,-6.932576791263698e-05,1.5378780560911238e-13,4.547473508864641e-13,3.10131278843109e-15
686,-6.932576791263698e-05,1.5378780560911238e-13,4.547473508864641e-13,3.110492664965279e-15
687,-6.932576791263698e-05,1.5378780560911238e-13,4.547473508864641e-13,3.2993003058998877e-15
688,-6.932576791263698e-05,1.5378780560911238e-13,4.547473508864641e-13,3.2124723447032336e-15
689,-6.932576791263698e-05,1.5378780560911238e-13,4.547473508864641e-13,3.239976663199708e-15
690,-6.932576791263698e-05,1.5378780560911238e-13,4.547473508864641e-13,3.2530856619557e-15
691,-6.932576791263698e-05,1.5378780560911238e-13,4.547473508864641e-13,3.3388467995158587e-15
692,-6.932576791263698e-05,1.5378780560911238e-13,4.547473508864641e-13,3.2942098839283734e-15
693,-6.932576791263698e-05,1.5378780560911238e-13,4.547473508864641e-13,3.331468596795399e-15
694,-6.932576791263698e-05,1.5378780560911238e-13,4.547473508864641e-13,3.154206239079188e-15
695,-6.932576791263698e-05,1.5378780560911238e-13,4.547473508864641e-13,3.1582174150938906e-15
696,-6.932576791263698e-05,1.5378780560911238e-13,4.547473508864641e-13,3.2527675449758047e-15
697,-6.932576791263698e-05,1.5378780560911238e-13,4.547473508864641e-13,3.2262014414268876e-15
698,-6.932576791263698e-05,1.5378780560911238e-13,4.547473508864641e-13,3.329531461182526e-15
699,-6.932576791263698e-05,1.5378780560911238e-13,4.547473508864641e-13,3.378270201805743e-15
700,-6.932576791263698e-05,1.5378780560911238e-13,4.547473508864641e-13,3.1300036411893704e-15
701,-6.932576791263698e-05,1.5378780560911238e-13,4.547473508864641e-13,3.3562125545700165e-15
702,-6.932576791263698e-05,1.5378780560911238e-13,4.547473508864641e-13,3.3673828984235263e-15
703,-6.932576791263698e-05,1.5378780560911238e-13,4.547473508864641e-13,3.171020531880891e-15
704,-6.932576791263698e-05,1.5378780560911238e-13,4.547473508864641e-13,3.335613324489874e-15
705,-6.932576791263698e-05,1.5378780560911238e-13,4.547473508864641e-13,3.082198927208655e-15
706,-6.932576791263698e-05,1.5378780560911238e-13,4.547473508864641e-13,3.3456093488386513e-15
707,-6.932576791263698e-05,1.5378780560911238e-13,4.547473508864641e-13,3.371806093858404e-15
708,-6.932576791263698e-05,1.5378780560911238e-13,4.547473508864641e-13,3.3448900773034997e-15
709,-6.932576791263698e-05,1.5378780560911238e-13,4.547473508864641e-13,3.254870099074915e-15
710,-6.932576791263698e-05,1.5378780560911238e-13,4.547473508864641e-13,3.203894408514393e-15
711,-6.932576791263698e-05,1.5378780560911238e-13,4.547473508864641e-13,3.047067654469063e-15
712,-6.932576791263698e-05,1.5378780560911238e-13,4.547473508864641e-13,3.1486609966988904e-15
713,-6.932576791263698e-05,1.5378780560911238e-13,4.547473508864641e-13,3.1531011381405828e-15
714,-6.932576791263698e-05,1.5378780560911238e-13,4.547473508864641e-13,3.1586460880872502e-15
715,-6.932576791263698e-05,1.5378780560911238e-13,4.547473508864641e-13,3.1624380287933056e-15
716,-6.932576791263698e-05,1.5378780560911238e-13,4.547473508864641e-13,3.076974420798772e-15
717,-6.932576791263698e-05,1.5378780560911238e-13,4.547473508864641e-13,3.3892336019878914e-15
718,-6.932576791263698e-05,1.5378780560911238e-13,4.547473508864641e-13,3.3606181741164e-15
719,-6.932576791263698e-05,1.5378780560911238e-13,4.547473508864641e-13,3.2205193366327593e-15
720,-6.932576791263698e-05,1.5378780560911238e-13,4.547473508864641e-13,3.237721496145565e-15
721,-6.932576791263698e-05,1.5378780560911238e-13,4.547473508864641e-13,3.4665808099334985e-15
722,-6.932576791263698e-05,1.5378780560911238e-13,4.547473508864641e-13,3.3932874045368815e-15
723,-6.932576791263698e-05,1.5378780560911238e-13,4.547473508864641e-13,3.188581534904651e-15
724,-6.932576791263698e-05,1.5378780560911238e-13,4.547473508864641e-13,3.3217044982581915e-15
725,-6.932576791263698e-05,1.5378780560911238e-13,4.547473508864641e-13,3.35078889807028e-15
726,-6.932576791263698e-05,1.5378780560911238e-13,4.547473508864641e-13,3.1501334004200826e-15
727,-6.932576791263698e-05,1.5378780560911238e-13,4.547473508864641e-13,3.3770322763570557e-15
728,-6.932576791263698e-05,1.5378780560911238e-13,4.547473508864641e-13,3.104119124214741e-15
729,-6.932576791263698e-05,1.5378780560911238e-13,4.547473508864641e-13,3.243959648467777e-15
730,-6.932576791263698e-05,1.5378780560911238e-13,4.547473508864641e-13,3.38129522841477e-15
731,-6.932576791263698e-05,1.5378780560911238e-13,4.547473508864641e-13,3.314720823055973e-15
732,-6.932576791263698e-05,1.5378780560911238e-13,4.547473508864641e-13,3.2190854083608642e-15
733,-6.932576791263698e-05,1.5378780560911238e-13,4.547473508864641e-13,3.474543152478429e-15
734,-6.932576791263698e-05,1.5378780560911238e-13,4.547473508864641e-13,3.2912974243095283e-15
735,-6.932576791263698e-05,1.5378780560911238e-13,4.547473508864641e-13,3.133999149211761e-15
736,-6.932576791263698e-05,1.5378780560911238e-13,4.547473508864641e-13,3.3523970237349163e-15
737,-6.932576791263698e-05,1.5378780560911238e-13,4.547473508864641e-13,3.401883067879808e-15
738,-6.932576791263698e-05,1.5378780560911238e-13,4.547473508864641e-13,3.2060291610509875e-15
739,-6.932576791263698e-05,1.5378780560911238e-13,4.547473508864641e-13,3.3819476278168086e-15
740,-6.932576791263698e-05,1.5378780560911238e-13,4.547473508864641e-13,3.301525330977859e-15
741,-6.932576791263698e-05,1.5378780560911238e-13,4.547473508864641e-13,3.4143168120829774e-15
742,-6.932576791263698e-05,1.5378780560911238e-13,4.547473508864641e-13,3.3414790464180708e-15
743,-6.932576791263698e-05,1.5378780560911238e-13,4.547473508864641e-13,3.2460437318504325e-15
744,-6.932576791263698e-05,1.5378780560911238e-13,4.547473508864641e-13,3.457321559597692e-15
745,-6.932576791263698e-05,1.5378780560911238e-13,4.547473508864641e-13,3.3326720490038614e-15
746,-6.932576791263698e-05,1.5378780560911238e-13,4.547473508864641e-13,3.0581514771161793e-15
747,-6.932576791263698e-05,1.5378780560911238e-13,4.547473508864641e-13,3.3681147052182022e-15
748,-6.932576791263698e-05,1.5378780560911238e-13,4.547473508864641e-13,3.209975902204815e-15
749,-6.932576791263698e-05,1.5378780560911238e-13,4.547473508864641e-13,3.166916491272586e-15
750,-6.932576791263698e-05,1.5378780560911238e-13,4.547473508864641e-13,3.234499909081424e-15
751,-6.932576791263698e-05,1.5378780560911238e-13,4.547473508864641e-13,3.1996649957622746e-15
752,-6.932576791263698e-05,1.5378780560911238e-13,4.547473508864641e-13,3.4077280493265713e-15
753,-6.932576791263698e-05,1.5378780560911238e-13,4.547473508864641e-13,3.3066327744231397e-15
754,-6.932576791263698e-05,1.5378780560911238e-13,4.547473508864641e-13,3.132941415595962e-15
755,-6.932576791263698e-05,1.5378780560911238e-13,4.547473508864641e-13,3.3214129709049788e-15
756,-6.932576791263698e-05,1.5378780560911238e-13,4.547473508864641e-13,3.199073355679721e-15
757,-6.932576791263698e-05,1.5378780560911238e-13,4.547473508864641e-13,3.2633908115849898e-15
758,-6.932576791263698e-05,1.5378780560911238e-13,4.547473508864641e-13,3.388277764950309e-15
759,-6.932576791263698e-05,1.5378780560911238e-13,4.547473508864641e-13,3.477801680326587e-15
760,-6.932576791263698e-05,1.5378780560911238e-13,4.547473508864641e-13,2.9897318142326977e-15
761,-6.932576791263698e-05,1.5378780560911238e-13,4.547473508864641e-13,3.41896576277741e-15
762,-6.932576791263698e-05,1.5378780560911238e-13,4.547473508864641e-13,3.225435541537268e-15
763,-6.932576791263698e-05,1.5378780560911238e-13,4.547473508864641e-13,3.292592160924285e-15
764,-6.932576791263698e-05,1.5378780560911238e-13,4.547473508864641e-13,3.385379356575548e-15
765,-6.932576791263698e-05,1.5378780560911238e-13,4.547473508864641e-13,3.2795168311069046e-15
766,-6.932576791263698e-05,1.5378780560911238e-13,4.547473508864641e-13,3.288901317546443e-15
767,-6.932576791263698e-05,1.5378780560911238e-13,4.547473508864641e-13,3.4786968845581307e-15
768,-6.932576791263698e-05,1.5378780560911238e-13,4.547473508864641e-13,3.4037299736497614e-15
769,-6.932576791263698e-05,1.5378780560911238e-13,4.547473508864641e-13,3.2932445853854716e-15
770,-6.932576791263698e-05,1.5378780560911238e-13,4.547473508864641e-13,3.3567290971583074e-15
771,-6.932576791263698e-05,1.5378780560911238e-13,4.547473508864641e-13,3.3528477659717883e-15
772,-6.932576791263698e-05,1.5378780560911238e-13,4.547473508864641e-13,3.114967996893179e-15
773,-6.932576791263698e-05,1.5378780560911238e-13,4.547473508864641e-13,3.2986366351865673e-15
774,-6.932576791263698e-05,1.5378780560911238e-13,4.547473508864641e-13,3.235966776620933e-15
775,-6.932576791263698e-05,1.5378780560911238e-13,4.547473508864641e-13,3.3117468087082923e-15
776,-6.932576791263698e-05,1.5378780560911238e-13,4.547473508864641e-13,3.041344759418333e-15
777,-6.932576791263698e-05,1.5378780560911238e-13,4.547473508864641e-13,3.218427505350337e-15
778,-6.932576791263698e-05,1.5378780560911238e-13,4.547473508864641e-13,3.2967568261880515e-15
779,-6.932576791263698e-05,1.5378780560911238e-13,4.547473508864641e-13,3.3852306985853892e-15
780,-6.932576791263698e-05,1.5378780560911238e-13,4.547473508864641e-13,3.450810588951079e-15
781,-6.932576791263698e-05,1.5378780560911238e-13,4.547473508864641e-13,3.4147246952991944e-15
782,-6.932576791263698e-05,1.5378780560911238e-13,4.547473508864641e-13,3.1455073645574756e-15
783,-6.932576791263698e-05,1.5378780560911238e-13,4.547473508864641e-13,3.1407909500269413e-15
784,-6.932576791263698e-05,1.5378780560911238e-13,4.547473508864641e-13,3.3233191565038212e-15
785,-6.932576791263698e-05,1.5378780560911238e-13,4.547473508864641e-13,3.3753444776388716e-15
786,-6.932576791263698e-05,1.5378780560911238e-13,4.547473508864641e-13,3.289920214160954e-15
787,-6.932576791263698e-05,1.5378780560911238e-13,4.547473508864641e-13,3.3223281229036487e-15
788,-6.932576791263698e-05,1.5378780560911238e-13,4.547473508864641e-13,3.269252546223843e-15
789,-6.932576791263698e-05,1.5378780560911238e-13,4.547473508864641e-13,3.3638363076884775e-15
790,-6.932576791263698e-05,1.5378780560911238e-13,4.547473508864641e-13,3.4522837733280668e-15
791,-6.932576791263698e-05,1.5378780560911238e-13,4.547473508864641e-13,3.133094585419341e-15
792,-6.932576791263698e-05,1.5378780560911238e-13,4.547473508864641e-13,3.4980164772389685e-15
793,-6.932576791263698e-05,1.5378780560911238e-13,4.547473508864641e-13,3.3276908648386836e-15
794,-6.932576791263698e-05,1.5378780560911238e-13,4.547473508864641e-13,3.0337358612752306e-15
795,-6.932576791263698e-05,1.5378780560911238e-13,4.547473508864641e-13,3.159549333971984e-15
796,-6.932576791263698e-05,1.5378780560911238e-13,4.547473508864641e-13,3.245788839280479e-15
797,-6.932576791263698e-05,1.5378780560911238e-13,4.547473508864641e-13,3.243902104546523e-15
798,-6.932576791263698e-05,1.5378780560911238e-13,4.547473508864641e-13,3.236404023844051e-15
799,-6.932576791263698e-05,1.5378780560911238e-13,4.547473508864641e-13,3.239203148060352e-15
800,-6.932576791263698e-05,1.5378780560911238e-13,4.547473508864641e-13,3.290447463587771e-15
801,-6.932576791263698e-05,1.5378780560911238e-13,4.547473508864641e-13,3.3942768366934605e-15
802,-6.932576791263698e-05,1.5378780560911238e-13,4.547473508864641e-13,3.0936188415748344e-15
803,-6.932576791263698e-05,1.5378780560911238e-13,4.547473508864641e-13,3.3185667788246777e-15
804,-6.932576791263698e-05,1.5378780560911238e-13,4.547473508864641e-13,3.3380010440105456e-15
805,-6.932576791263698e-05,1.5378780560911238e-13,4.547473508864641e-13,3.1102424314132926e-15
806,-6.932576791263698e-05,1.5378780560911238e-13,4.547473508864641e-13,3.2822979837684857e-15
807,-6.932576791263698e-05,1.5378780560911238e-13,4.547473508864641e-13,3.363246187753909e-15
808,-6.932576791263698e-05,1.5378780560911238e-13,4.547473508864641e-13,3.454752492517837e-15
809,-6.932576791263698e-05,1.5378780560911238e-13,4.547473508864641e-13,3.402171666352316e-15
810,-6.932576791263698e-05,1.5378780560911238e-13,4.547473508864641e-13,3.2623487553199467e-15
811,-6.932576791263698e-05,1.5378780560911238e-13,4.547473508864641e-13,3.2708448536279335e-15
812,-6.932576791263698e-05,1.5378780560911238e-13,4.547473508864641e-13,3.436407044631472e-15
813,-6.932576791263698e-05,1.5378780560911238e-13,4.547473508864641e-13,3.2307789399309106e-15
814,-6.932576791263698e-05,1.5378780560911238e-13,4.547473508864641e-13,3.3568550372760937e-15
815,-6.932576791263698e-05,1.5378780560911238e-13,4.547473508864641e-13,3.4665898976222145e-15
816,-6.932576791263698e-05,1.5378780560911238e-13,4.547473508864641e-13,3.1025282701189727e-15
817,-6.932576791263698e-05,1.5378780560911238e-13,4.547473508864641e-13,3.3372071918420026e-15
818,-6.932576791263698e-05,1.5378780560911238e-13,4.547473508864641e-13,3.1785609717033187e-15
819,-6.932576791263698e-05,1.5378780560911238e-13,4.547473508864641e-13,3.275692778857995e-15
820,-6.932576791263698e-05,1.5378780560911238e-13,4.547473508864641e-13,3.0349893912875785e-15
821,-6.932576791263698e-05,1.5378780560911238e-13,4.547473508864641e-13,3.266295261129168e-15
822,-6.932576791263698e-05,1.5378780560911238e-13,4.547473508864641e-13,3.2139060926423288e-15
823,-6.932576791263698e-05,1.5378780560911238e-13,4.547473508864641e-13,3.175031213291181e-15
824,-6.932576791263698e-05,1.5378780560911238e-13,4.547473508864641e-13,3.2722290144884278e-15
825,-6.932576791263698e-05,1.5378780560911238e-13,4.547473508864641e-13,3.1272558675566037e-15
826,-6.932576791263698e-05,1.5378780560911238e-13,4.547473508864641e-13,3.311980625291557e-15
827,-6.932576791263698e-05,1.5378780560911238e-13,4.547473508864641e-13,3.267037808945663e-15
828,-6.932576791263698e-05,1.5378780560911238e-13,4.547473508864641e-13,3.242920424840014e-15
829,-6.932576791263698e-05,1.5378780560911238e-13,4.547473508864641e-13,3.0966657499613567e-15
830,-6.932576791263698e-05,1.5378780560911238e-13,4.547473508864641e-13,3.1235941044264287e-15
831,-6.932576791263698e-05,1.5378780560911238e-13,4.547473508864641e-13,3.0194982370731566e-15
832,-6.932576791263698e-05,1.5378780560911238e-13,4.547473508864641e-13,3.196137668737912e-15
833,-6.932576791263698e-05,1.5378780560911238e-13,4.547473508864641e-13,3.4246703945612167e-15
834,-6.932576791263698e-05,1.5378780560911238e-13,4.547473508864641e-13,3.2785728636198254e-15
835,-6.932576791263698e-05,1.5378780560911238e-13,4.547473508864641e-13,3.197570829721985e-15
836,-6.932576791263698e-05,1.5378780560911238e-13,4.547473508864641e-13,3.3154205730049834e-15
837,-6.932576791263698e-05,1.5378780560911238e-13,4.547473508864641e-13,3.2364948686577612e-15
838,-6.932576791263698e-05,1.5378780560911238e-13,4.547473508864641e-13,3.237228754174757e-15
839,-6.932576791263698e-05,1.5378780560911238e-13,4.547473508864641e-13,3.2575038783004247e-15
840,-6.932576791263698e-05,1.5378780560911238e-13,4.547473508864641e-13,3.377283361633598e-15
841,-6.932576791263698e-05,1.5378780560911238e-13,4.547473508864641e-13,3.5023140428773867e-15
842,-6.932576791263698e-05,1.5378780560911238e-13,4.547473508864641e-13,3.3245817354740854e-15
843,-6.932576791263698e-05,1.5378780560911238e-13,4.547473508864641e-13,3.340636336016364e-15
844,-6.932576791263698e-05,1.5378780560911238e-13,4.547473508864641e-13,3.4332014274409676e-15
845,-6.932576791263698e-05,1.5378780560911238e-13,4.547473508864641e-13,3.363992648218537e-15
846,-6.932576791263698e-05,1.5378780560911238e-13,4.547473508864641e-13,3.3297524496412537e-15
847,-6.932576791263698e-05,1.5378780560911238e-13,4.547473508864641e-13,3.1695050930243746e-15
848,-6.932576791263698e-05,1.5378780560911238e-13,4.547473508864641e-13,3.247798855882474e-15
849,-6.932576791263698e-05,1.5378780560911238e-13,4.547473508864641e-13,3.1606929717304464e-15
850,-6.932576791263698e-05,1.5378780560911238e-13,4.547473508864641e-13,3.3382867423229104e-15
851,-6.932576791263698e-05,1.5378780560911238e-13,4.547473508864641e-13,3.2017135293348746e-15
852,-6.932576791263698e-05,1.5378780560911238e-13,4.547473508864641e-13,3.198322746937374e-15
853,-6.932576791263698e-05,1.5378780560911238e-13,4.547473508864641e-13,3.531401621489934e-15
854,-6.932576791263698e-05,1.5378780560911238e-13,4.547473508864641e-13,3.2327275433313427e-15
855,-6.932576791263698e-05,1.5378780560911238e-13,4.547473508864641e-13,3.3246239663965615e-15
856,-6.932576791263698e-05,1.5378780560911238e-13,4.547473508864641e-13,3.3224298789571277e-15
857,-6.932576791263698e-05,1.5378780560911238e-13,4.547473508864641e-13,3.328478228251543e-15
858,-6.932576791263698e-05,1.5378780560911238e-13,4.547473508864641e-13,3.2762986974669387e-15
859,-6.932576791263698e-05,1.5378780560911238e-13,4.547473508864641e-13,3.0658390991531983e-15
860,-6.932576791263698e-05,1.5378780560911238e-13,4.547473508864641e-13,3.3162058871663223e-15
861,-6.932576791263698e-05,1.5378780560911238e-13,4.547473508864641e-13,3.194860505072475e-15
862,-6.932576791263698e-05,1.5378780560911238e-13,4.547473508864641e-13,3.1202483718258013e-15
863,-6.932576791263698e-05,1.5378780560911238e-13,4.547473508864641e-13,3.0829628926814966e-15
864,-6.932576791263698e-05,1.5378780560911238e-13,4.547473508864641e-13,3.1617414213135537e-15
865,-6.932576791263698e-05,1.5378780560911238e-13,4.547473508864641e-13,3.369224070427465e-15
866,-6.932576791263698e-05,1.5378780560911238e-13,4.547473508864641e-13,3.389612168681099e-15
867,-6.932576791263698e-05,1.5378780560911238e-13,4.547473508864641e-13,3.226754913014144e-15
868,-6.932576791263698e-05,1.5378780560911238e-13,4.547473508864641e-13,3.1801069744636184e-15
869,-6.932576791263698e-05,1.5378780560911238e-13,4.547473508864641e-13,3.1034293042527185e-15
870,-6.932576791263698e-05,1.5378780560911238e-13,4.547473508864641e-13,3.1115507158594006e-15
871,-6.932576791263698e-05,1.5378780560911238e-13,4.547473508864641e-13,3.293524301109137e-15
872,-6.932576791263698e-05,1.5378780560911238e-13,4.547473508864641e-13,3.222224245305924e-15
873,-6.932576791263698e-05,1.5378780560911238e-13,4.547473508864641e-13,3.1443989970468138e-15
874,-6.932576791263698e-05,1.5378780560911238e-13,4.547473508864641e-13,3.263854710085225e-15
875,-6.932576791263698e-05,1.5378780560911238e-13,4.547473508864641e-13,3.196863051455158e-15
876,-6.932576791263698e-05,1.5378780560911238e-13,4.547473508864641e-13,3.236543609706469e-15
877,-6.932576791263698e-05,1.5378780560911238e-13,4.547473508864641e-13,3.2763227935331343e-15
878,-6.932576791263698e-05,1.5378780560911238e-13,4.547473508864641e-13,3.2798869591078728e-15
879,-6.932576791263698e-05,1.5378780560911238e-13,4.547473508864641e-13,3.2374231323890324e-15
880,-6.932576791263698e-05,1.5378780560911238e-13,4.547473508864641e-13,3.236494970353709e-15
881,-6.932576791263698e-05,1.5378780560911238e-13,4.547473508864641e-13,3.4869031230719535e-15
882,-6.932576791263698e-05,1.5378780560911238e-13,4.547473508864641e-13,3.451254963151384e-15
883,-6.932576791263698e-05,1.5378780560911238e-13,4.547473508864641e-13,3.456730695384288e-15
884,-6.932576791263698e-05,1.5378780560911238e-13,4.547473508864641e-13,3.351483193809568e-15
885,-6.932576791263698e-05,1.5378780560911238e-13,4.547473508864641e-13,3.185853733330972e-15
886,-6.932576791263698e-05,1.5378780560911238e-13,4.547473508864641e-13,3.198293417539835e-15
887,-6.932576791263698e-05,1.5378780560911238e-13,4.547473508864641e-13,3.087814097549655e-15
888,-6.932576791263698e-05,1.5378780560911238e-13,4.547473508864641e-13,3.154724483319142e-15
889,-6.932576791263698e-05,1.5378780560911238e-13,4.547473508864641e-13,3.3744687710710187e-15
890,-6.932576791263698e-05,1.5378780560911238e-13,4.547473508864641e-13,3.3396997605025705e-15
891,-6.932576791263698e-05,1.5378780560911238e-13,4.547473508864641e-13,3.241055914306917e-15
892,-6.932576791263698e-05,1.5378780560911238e-13,4.547473508864641e-13,3.33515904059731e-15
893,-6.932576791263698e-05,1.5378780560911238e-13,4.547473508864641e-13,3.3118022935470344e-15
894,-6.932576791263698e-05,1.5378780560911238e-13,4.547473508864641e-13,3.268664712499697e-15
895,-6.932576791263698e-05,1.5378780560911238e-13,4.547473508864641e-13,3.238367900206094e-15
896,-6.932576791263698e-05,1.5378780560911238e-13,4.547473508864641e-13,3.320126541895033e-15
897,-6.932576791263698e-05,1.5378780560911238e-13,4.547473508864641e-13,3.1298935109571772e-15
898,-6.932576791263698e-05,1.5378780560911238e-13,4.547473508864641e-13,3.3155057215078485e-15
899,-6.932576791263698e-05,1.5378780560911238e-13,4.547473508864641e-13,3.2184979664333974e-15
900,-6.932576791263698e-05,1.5378780560911238e-13,4.547473508864641e-13,3.30871121756667e-15
901,-6.932576791263698e-05,1.5378780560911238e-13,4.547473508864641e-13,3.27388075568085e-15
902,-6.932576791263698e-05,1.5378780560911238e-13,4.547473508864641e-13,3.396475941087491e-15
903,-6.932576791263698e-05,1.5378780560911238e-13,4.547473508864641e-13,3.004060304731649e-15
904,-6.932576791263698e-05,1.5378780560911238e-13,4.547473508864641e-13,3.1919902661961e-15
905,-6.932576791263698e-05,1.5378780560911238e-13,4.547473508864641e-13,3.2593314835935894e-15
906,-6.932576791263698e-05,1.5378780560911238e-13,4.547473508864641e-13,3.2838715516103475e-15
907,-6.932576791263698e-05,1.5378780560911238e-13,4.547473508864641e-13,3.3480217633631957e-15
908,-6.932576791263698e-05,1.5378780560911238e-13,4.547473508864641e-13,3.242366609343438e-15
909,-6.932576791263698e-05,1.5378780560911238e-13,4.547473508864641e-13,3.305569941087734e-15
910,-6.932576791263698e-05,1.5378780560911238e-13,4.547473508864641e-13,3.325792020070833e-15
911,-6.932576791263698e-05,1.5378780560911238e-13,4.547473508864641e-13,3.292905402483713e-15
912,-6.932576791263698e-05,1.5378780560911238e-13,4.547473508864641e-13,3.2566779875507288e-15
913,-6.932576791263698e-05,1.5378780560911238e-13,4.547473508864641e-13,3.3543519893916614e-15
914,-6.932576791263698e-05,1.5378780560911238e-13,4.547473508864641e-13,3.1782090318270537e-15
915,-6.932576791263698e-05,1.5378780560911238e-13,4.547473508864641e-13,3.4325081817435543e-15
916,-6.932576791263698e-05,1.5378780560911238e-13,4.547473508864641e-13,3.2691670991303e-15
917,-6.932576791263698e-05,1.5378780560911238e-13,4.547473508864641e-13,3.452783696572184e-15
918,-6.932576791263698e-05,1.5378780560911238e-13,4.547473508864641e-13,3.4700652227995093e-15
919,-6.932576791263698e-05,1.5378780560911238e-13,4.547473508864641e-13,3.0978565691738473e-15
920,-6.932576791263698e-05,1.5378780560911238e-13,4.547473508864641e-13,3.160653935781663e-15
921,-6.932576791263698e-05,1.5378780560911238e-13,4.547473508864641e-13,3.290553949313608e-15
922,-6.932576791263698e-05,1.5378780560911238e-13,4.547473508864641e-13,3.387612177302845e-15
923,-6.932576791263698e-05,1.5378780560911238e-13,4.547473508864641e-13,3.1425631132274904e-15
924,-6.932576791263698e-05,1.5378780560911238e-13,4.547473508864641e-13,3.4117403759886826e-15
925,-6.932576791263698e-05,1.5378780560911238e-13,4.547473508864641e-13,3.280980196364489e-15
926,-6.932576791263698e-05,1.5378780560911238e-13,4.547473508864641e-13,3.3273325549320317e-15
927,-6.932576791263698e-05,1.5378780560911238e-13,4.547473508864641e-13,3.323526056816192e-15
928,-6.932576791263698e-05,1.5378780560911238e-13,4.547473508864641e-13,3.3432122675850117e-15
929,-6.932576791263698e-05,1.5378780560911238e-13,4.547473508864641e-13,3.2502087865141935e-15
930,-6.932576791263698e-05,1.5378780560911238e-13,4.547473508864641e-13,3.3724567318162163e-15
931,-6.932576791263698e-05,1.5378780560911238e-13,4.547473508864641e-13,3.4017751740547363e-15
932,-6.932576791263698e-05,1.5378780560911238e-13,4.547473508864641e-13,3.2826246407569598e-15
933,-6.932576791263698e-05,1.5378780560911238e-13,4.547473508864641e-13,3.4637114627295816e-15
934,-6.932576791263698e-05,1.5378780560911238e-13,4.547473508864641e-13,3.359977558498256e-15
935,-6.932576791263698e-05,1.5378780560911238e-13,4.547473508864641e-13,3.198492558127459e-15
936,-6.932576791263698e-05,1.5378780560911238e-13,4.547473508864641e-13,3.1109807536931815e-15
937,-6.932576791263698e-05,1.5378780560911238e-13,4.547473508864641e-13,3.1536581949887386e-15
938,-6.932576791263698e-05,1.5378780560911238e-13,4.547473508864641e-13,3.276918537172188e-15
939,-6.932576791263698e-05,1.5378780560911238e-13,4.547473508864641e-13,3.244807976727315e-15
940,-6.932576791263698e-05,1.5378780560911238e-13,4.547473508864641e-13,3.394001046669089e-15
941,-6.932576791263698e-05,1.5378780560911238e-13,4.547473508864641e-13,3.2083939955700653e-15
942,-6.932576791263698e-05,1.5378780560911238e-13,4.547473508864641e-13,3.402578835903021e-15
943,-6.932576791263698e-05,1.5378780560911238e-13,4.547473508864641e-13,3.513109533312336e-15
944,-6.932576791263698e-05,1.5378780560911238e-13,4.547473508864641e-13,3.2184330423646086e-15
945,-6.932576791263698e-05,1.5378780560911238e-13,4.547473508864641e-13,3.3873694505077974e-15
946,-6.932576791263698e-05,1.5378780560911238e-13,4.547473508864641e-13,3.2855554500986468e-15
947,-6.932576791263698e-05,1.5378780560911238e-13,4.547473508864641e-13,3.355319550942431e-15
948,-6.932576791263698e-05,1.5378780560911238e-13,4.547473508864641e-13,3.1856074268812173e-15
949,-6.932576791263698e-05,1.5378780560911238e-13,4.547473508864641e-13,3.3014191706442213e-15
950,-6.932576791263698e-05,1.5378780560911238e-13,4.547473508864641e-13,3.1214147391039016e-15
951,-6.932576791263698e-05,1.5378780560911238e-13,4.547473508864641e-13,3.4162881635131432e-15
952,-6.932576791263698e-05,1.5378780560911238e-13,4.547473508864641e-13,3.128843045441545e-15
953,-6.932576791263698e-05,1.5378780560911238e-13,4.547473508864641e-13,3.269270941291507e-15
954,-6.932576791263698e-05,1.5378780560911238e-13,4.547473508864641e-13,3.3553586623958952e-15
955,-6.932576791263698e-05,1.5378780560911238e-13,4.547473508864641e-13,3.140339207233408e-15
956,-6.932576791263698e-05,1.5378780560911238e-13,4.547473508864641e-13,3.2990923993704556e-15
957,-6.932576791263698e-05,1.5378780560911238e-13,4.547473508864641e-13,3.3135940478419325e-15
958,-6.932576791263698e-05,1.5378780560911238e-13,4.547473508864641e-13,3.2153242851732457e-15
959,-6.932576791263698e-05,1.5378780560911238e-13,4.547473508864641e-13,3.1740894137799516e-15
960,-6.932576791263698e-05,1.5378780560911238e-13,4.547473508864641e-13,3.5462387548946473e-15
961,-6.932576791263698e-05,1.5378780560911238e-13,4.547473508864641e-13,3.529814251550452e-15
962,-6.932576791263698e-05,1.5378780560911238e-13,4.547473508864641e-13,3.5259136456118357e-15
963,-6.932576791263698e-05,1.5378780560911238e-13,4.547473508864641e-13,3.313115627111366e-15
964,-6.932576791263698e-05,1.5378780560911238e-13,4.547473508864641e-13,3.1533408580612e-15
965,-6.932576791263698e-05,1.5378780560911238e-13,4.547473508864641e-13,3.3305294291122008e-15
966,-6.932576791263698e-05,1.5378780560911238e-13,4.547473508864641e-13,3.09995017509875e-15
967,-6.932576791263698e-05,1.5378780560911238e-13,4.547473508864641e-13,3.273398283123876e-15
968,-6.932576791263698e-05,1.5378780560911238e-13,4.547473508864641e-13,3.5426730741957664e-15
969,-6.932576791263698e-05,1.5378780560911238e-13,4.547473508864641e-13,3.2891626042776794e-15
970,-6.932576791263698e-05,1.5378780560911238e-13,4.547473508864641e-13,3.4215800048549134e-15
971,-6.932576791263698e-05,1.5378780560911238e-13,4.547473508864641e-13,3.2331458428062007e-15
972,-6.932576791263698e-05,1.5378780560911238e-13,4.547473508864641e-13,3.1840155103094315e-15
973,-6.932576791263698e-05,1.5378780560911238e-13,4.547473508864641e-13,3.273734934121256e-15
974,-6.932576791263698e-05,1.5378780560911238e-13,4.547473508864641e-13,3.190671860065068e-15
975,-6.932576791263698e-05,1.5378780560911238e-13,4.547473508864641e-13,3.211188279849555e-15
976,-6.932576791263698e-05,1.5378780560911238e-13,4.547473508864641e-13,3.132386904022664e-15
977,-6.932576791263698e-05,1.5378780560911238e-13,4.547473508864641e-13,3.3067154617325743e-15
978,-6.932576791263698e-05,1.5378780560911238e-13,4.547473508864641e-13,3.121345234833901e-15
979,-6.932576791263698e-05,1.5378780560911238e-13,4.547473508864641e-13,3.3073751940067324e-15
980,-6.932576791263698e-05,1.5378780560911238e-13,4.547473508864641e-13,3.200959779247279e-15
981,-6.932576791263698e-05,1.5378780560911238e-13,4.547473508864641e-13,3.2363799792518052e-15
982,-6.932576791263698e-05,1.5378780560911238e-13,4.547473508864641e-13,3.3491597276045152e-15
983,-6.932576791263698e-05,1.5378780560911238e-13,4.547473508864641e-13,3.3675767872106004e-15
984,-6.932576791263698e-05,1.5378780560911238e-13,4.547473508864641e-13,3.289088096000806e-15
985,-6.932576791263698e-05,1.5378780560911238e-13,4.547473508864641e-13,3.437053866919562e-15
986,-6.932576791263698e-05,1.5378780560911238e-13,4.547473508864641e-13,3.2691925853511895e-15
987,-6.932576791263698e-05,1.5378780560911238e-13,4.547473508864641e-13,3.3577539760557257e-15
988,-6.932576791263698e-05,1.5378780560911238e-13,4.547473508864641e-13,3.2914559246710754e-15
989,-6.932576791263698e-05,1.5378780560911238e-13,4.547473508864641e-13,3.583348618017882e-15
990,-6.932576791263698e-05,1.5378780560911238e-13,4.547473508864641e-13,3.1349665962867047e-15
991,-6.932576791263698e-05,1.5378780560911238e-13,4.547473508864641e-13,3.3389409265479025e-15
992,-6.932576791263698e-05,1.5378780560911238e-13,4.547473508864641e-13,3.5501888802431238e-15
993,-6.932576791263698e-05,1.5378780560911238e-13,4.547473508864641e-13,3.368405833963896e-15
994,-6.932576791263698e-05,1.5378780560911238e-13,4.547473508864641e-13,3.3757755530575813e-15
995,-6.932576791263698e-05,1.5378780560911238e-13,4.547473508864641e-13,3.3588445471911877e-15
996,-6.932576791263698e-05,1.5378780560911238e-13,4.547473508864641e-13,3.223114035971443e-15
997,-6.932576791263698e-05,1.5378780560911238e-13,4.547473508864641e-13,3.323711681726674e-15
998,-6.932576791263698e-05,1.5378780560911238e-13,4.547473508864641e-13,3.3681981446889207e-15
999,-6.932576791263698e-05,1.5378780560911238e-13,4.547473508864641e-13,3.4602733752996132e-15
