k,f,grad_norm,t_k,cpu_time,cpu_time_sum
0,0.0,32.048512665192554,1.0,0.25,0.25
1,-6.195819712264159,26.383476905129807,1.0,0.359375,0.609375
2,-10.499865646268661,21.270058976943698,1.0,0.40625,1.015625
3,-12.999368095621204,17.973031060040586,1.0,0.28125,1.296875
4,-14.913807686502146,14.894025185031403,1.0,0.125,1.421875
5,-16.475642388384472,13.703281141141638,1.0,0.25,1.671875
6,-17.628199457921944,11.942966458977855,1.0,0.359375,2.03125
7,-18.486323420193806,10.5026965753298,1.0,0.234375,2.265625
8,-19.249787396120695,9.345272111218515,1.0,0.078125,2.34375
9,-19.882444926051825,8.558244495487768,1.0,0.28125,2.625
10,-20.346317379784715,7.6620484819231685,1.0,0.203125,2.828125
11,-20.762555607591654,7.1503403268411585,1.0,0.21875,3.046875
12,-21.078761645266564,6.651149816860865,1.0,0.125,3.171875
13,-21.41318618163601,6.223038966424004,1.0,0.265625,3.4375
14,-21.669039299058582,5.821519701284117,1.0,0.375,3.8125
15,-21.907392119108025,5.307739032310497,1.0,0.3125,4.125
16,-22.08654777817137,4.853320108806536,1.0,0.203125,4.328125
17,-22.263269453618655,4.867755305607887,1.0,0.40625,4.734375
18,-22.43609979529407,4.731600382986041,1.0,0.3125,5.046875
19,-22.599860068762503,4.513747209526523,1.0,0.40625,5.453125
20,-22.731398382558943,4.146931422837739,1.0,0.140625,5.59375
21,-22.841238617596844,3.8100058144288185,1.0,0.328125,5.921875
22,-22.952942802330714,3.683988621741924,1.0,0.125,6.046875
23,-23.051913209510065,3.5860975267106667,1.0,0.234375,6.28125
24,-23.142812570577448,3.456059314086351,1.0,0.21875,6.5
25,-23.225970518463456,3.302694422207811,1.0,0.234375,6.734375
26,-23.305419286519072,3.07808005379124,1.0,0.34375,7.078125
27,-23.377309028014444,2.9551201813815777,1.0,0.296875,7.375
28,-23.442180004315134,2.8322111829608483,1.0,0.234375,7.609375
29,-23.493739721772588,2.6578208395082736,1.0,0.171875,7.78125
30,-23.54515451009692,2.5723920736064847,1.0,0.328125,8.109375
31,-23.5915251120013,2.3944337125034547,1.0,0.0625,8.171875
32,-23.633971803981023,2.2783868572390102,1.0,0.25,8.421875
33,-23.67141163332881,2.2224312240615154,1.0,0.328125,8.75
34,-23.707695123099082,2.162305926095408,1.0,0.171875,8.921875
35,-23.740442644536376,2.0793738981651315,1.0,0.25,9.171875
36,-23.76967944967147,2.080901299723253,1.0,0.09375,9.265625
37,-23.801126024034456,1.9639486386486615,1.0,0.234375,9.5
38,-23.824363335311368,1.8374227283799327,1.0,0.234375,9.734375
39,-23.85013910710756,1.795988875476717,1.0,0.328125,10.0625
40,-23.871701897101,1.7054605958409157,1.0,0.28125,10.34375
41,-23.892502691469915,1.6530924148366264,1.0,0.3125,10.65625
42,-23.911098913000824,1.556130622260854,1.0,0.421875,11.078125
43,-23.92908604241229,1.5589570872106837,1.0,0.34375,11.421875
44,-23.946711953698436,1.4993044889959153,1.0,0.15625,11.578125
45,-23.96213260502617,1.4102614476254618,1.0,0.34375,11.921875
46,-23.977529376820698,1.3603954776437917,1.0,0.171875,12.09375
47,-23.992021692551603,1.3369219175727878,1.0,0.234375,12.328125
48,-24.00505550992885,1.286476670858558,1.0,0.296875,12.625
49,-24.016277725184644,1.2224776235231911,1.0,0.171875,12.796875
50,-24.026693956188836,1.1783166680179924,1.0,0.3125,13.109375
51,-24.03750204953747,1.1543462109477907,1.0,0.171875,13.28125
52,-24.047190367179414,1.118627375213486,1.0,0.234375,13.515625
53,-24.055830962572795,1.0353650052764032,1.0,0.296875,13.8125
54,-24.064099152881393,1.026316683964119,1.0,0.328125,14.140625
55,-24.071234581384463,0.9779701437735727,1.0,0.125,14.265625
56,-24.07839420010126,0.9925581174242455,1.0,0.234375,14.5
57,-24.085705465323304,0.9580855534908876,1.0,0.234375,14.734375
58,-24.09197072299212,0.8547101973100815,1.0,0.21875,14.953125
59,-24.09788438529708,0.8575587474158655,1.0,0.28125,15.234375
60,-24.103484012026204,0.8296839394607399,1.0,0.09375,15.328125
61,-24.108387784337282,0.7861333277072238,1.0,0.375,15.703125
62,-24.112849087225225,0.7452833552706116,1.0,0.140625,15.84375
63,-24.117386753007104,0.7296706480428101,1.0,0.09375,15.9375
64,-24.12151582688969,0.7168346455374702,1.0,0.34375,16.28125
65,-24.12504427005635,0.6840387270622355,1.0,0.359375,16.640625
66,-24.12846238137512,0.6546506335144148,1.0,0.328125,16.96875
67,-24.131425897112425,0.6428824657249608,1.0,0.234375,17.203125
68,-24.133979239564006,0.6177653596143342,1.0,0.203125,17.40625
69,-24.13710032840383,0.6084649383562385,1.0,0.296875,17.703125
70,-24.139718818892135,0.5744517583227089,1.0,0.234375,17.9375
71,-24.142051216203683,0.5645955719712457,1.0,0.25,18.1875
72,-24.144345405062122,0.5517077925362253,1.0,0.15625,18.34375
73,-24.146471671044548,0.5174671351590314,1.0,0.28125,18.625
74,-24.148467651618443,0.49381067202954315,1.0,0.078125,18.703125
75,-24.150427875273763,0.5015361777659796,1.0,0.25,18.953125
76,-24.15198590627405,0.4732921566421551,1.0,0.265625,19.21875
77,-24.153692510865014,0.46632519047983845,1.0,0.203125,19.421875
78,-24.155298317702826,0.4595344053784894,1.0,0.15625,19.578125
79,-24.156817506306226,0.4257586600653176,1.0,0.296875,19.875
80,-24.15812514046446,0.4066976353988093,1.0,0.265625,20.140625
81,-24.159287647184307,0.3905321235478454,1.0,0.25,20.390625
82,-24.160336959000333,0.391271784859864,1.0,0.234375,20.625
83,-24.161498072985225,0.3840414246380309,1.0,0.09375,20.71875
84,-24.162503436555976,0.3688736777736224,1.0,0.265625,20.984375
85,-24.16348686688931,0.35729326180269627,1.0,0.203125,21.1875
86,-24.164317113849947,0.34230505387603477,1.0,0.125,21.3125
87,-24.165169669848378,0.32200683488379883,1.0,0.34375,21.65625
88,-24.1660145209999,0.3305121911867163,1.0,0.21875,21.875
89,-24.166788492988825,0.3215384486159771,1.0,0.234375,22.109375
90,-24.167536256452262,0.31102929823490477,1.0,0.109375,22.21875
91,-24.16828909167257,0.3012720310804894,1.0,0.234375,22.453125
92,-24.16889470900002,0.2953861277958009,1.0,0.328125,22.78125
93,-24.16949505446346,0.27640095273169446,1.0,0.25,23.03125
94,-24.1700179812037,0.2757229741768781,1.0,0.140625,23.171875
95,-24.17050339545751,0.27245359359599675,1.0,0.21875,23.390625
96,-24.170997958643827,0.2585788061971384,1.0,0.3125,23.703125
97,-24.1715067388793,0.24793068243937713,1.0,0.21875,23.921875
98,-24.171940689766053,0.23515720919090632,1.0,0.1875,24.109375
99,-24.172316498520377,0.22590184724970855,1.0,0.34375,24.453125
100,-24.172688843752567,0.22559009287019058,1.0,0.09375,24.546875
101,-24.17305949482887,0.2168674641944592,1.0,0.203125,24.75
102,-24.173414967967467,0.21423222293572436,1.0,0.4375,25.1875
103,-24.173759953013874,0.21727026600589086,1.0,0.203125,25.390625
104,-24.174110885950736,0.2094290650675561,1.0,0.296875,25.6875
105,-24.17445023441213,0.19716513752593734,1.0,0.359375,26.046875
106,-24.174711215783155,0.19029751385745178,1.0,0.3125,26.359375
107,-24.174993089443397,0.1817814947580222,1.0,0.1875,26.546875
108,-24.17520841709501,0.17619831935809127,1.0,0.28125,26.828125
109,-24.175461282750383,0.17224435398116417,1.0,0.28125,27.109375
110,-24.175688475543232,0.17161637854705622,1.0,0.078125,27.1875
111,-24.175890838636676,0.1647551359400481,1.0,0.328125,27.515625
112,-24.176087883477138,0.16358352424037648,1.0,0.328125,27.84375
113,-24.176297095567815,0.1654439308811085,1.0,0.328125,28.171875
114,-24.176486295932843,0.1558243985465143,1.0,0.25,28.421875
115,-24.17665584665356,0.14837701548010018,1.0,0.296875,28.71875
116,-24.17681372549778,0.14202173068642676,1.0,0.328125,29.046875
117,-24.17695991993095,0.13849970614564486,1.0,0.234375,29.28125
118,-24.1771003777831,0.1345776150473275,1.0,0.28125,29.5625
119,-24.17723950525736,0.12914073273881027,1.0,0.359375,29.921875
120,-24.177345690095468,0.12577781598321297,1.0,0.21875,30.140625
121,-24.17745135937902,0.1215854516487559,1.0,0.140625,30.28125
122,-24.1775520555451,0.11912816833448395,1.0,0.375,30.65625
123,-24.177644738142913,0.11469286620514109,1.0,0.375,31.03125
124,-24.177726889254124,0.10772574027044607,1.0,0.296875,31.328125
125,-24.177809313035002,0.10474186721099464,1.0,0.203125,31.53125
126,-24.177890135263873,0.10445613068068596,1.0,0.234375,31.765625
127,-24.177974904349146,0.10394795791762093,1.0,0.34375,32.109375
128,-24.178049352050152,0.10378407497757004,1.0,0.34375,32.453125
129,-24.178122371083205,0.0974655263510339,1.0,0.421875,32.875
130,-24.178194870313636,0.09534485238958883,1.0,0.421875,33.296875
131,-24.17826048063926,0.0943974201742384,1.0,0.375,33.671875
132,-24.17832337297707,0.09092053364467537,1.0,0.25,33.921875
133,-24.17838488440868,0.090417522046349,1.0,0.25,34.171875
134,-24.178443969456474,0.08618173325427489,1.0,0.296875,34.46875
135,-24.178495163152796,0.08438752777858446,1.0,0.15625,34.625
136,-24.178549331279175,0.0797310362382005,1.0,0.296875,34.921875
137,-24.178595295207913,0.08068427631691294,1.0,0.1875,35.109375
138,-24.1786400590678,0.07632954579928018,1.0,0.265625,35.375
139,-24.178683088123485,0.0748837047625529,1.0,0.328125,35.703125
140,-24.178723518660824,0.07516666956616233,1.0,0.234375,35.9375
141,-24.178765849960982,0.07334043683718691,1.0,0.109375,36.046875
142,-24.178805330263778,0.07047173339377609,1.0,0.25,36.296875
143,-24.178836584752975,0.06753956068843228,1.0,0.3125,36.609375
144,-24.17886808461667,0.06625890809094306,1.0,0.28125,36.890625
145,-24.178901453986665,0.06416806210723688,1.0,0.328125,37.21875
146,-24.178929480888133,0.06319440237728995,1.0,0.21875,37.4375
147,-24.17895463455947,0.06118115152315114,1.0,0.328125,37.765625
148,-24.178981732543367,0.058899623206711764,1.0,0.34375,38.109375
149,-24.179005555260737,0.057529446750684214,1.0,0.203125,38.3125
150,-24.179028259379823,0.05666562100232972,1.0,0.359375,38.671875
151,-24.17905302993866,0.05563701109046213,1.0,0.34375,39.015625
152,-24.17907409488141,0.055273137578268065,1.0,0.25,39.265625
153,-24.179095371060424,0.05134116293719174,1.0,0.21875,39.484375
154,-24.179113834104424,0.05028738631877555,1.0,0.3125,39.796875
155,-24.179135597654323,0.049852757954821324,1.0,0.125,39.921875
156,-24.1791548457175,0.04750758951262217,1.0,0.328125,40.25
157,-24.17917031959659,0.046615448577903354,1.0,0.328125,40.578125
158,-24.179184670938753,0.04465617334454748,1.0,0.296875,40.875
159,-24.179198457307134,0.04322351939039455,1.0,0.21875,41.09375
160,-24.179211221126444,0.04314115961432076,1.0,0.3125,41.40625
161,-24.179224900373956,0.04163932573271955,1.0,0.1875,41.59375
162,-24.17923860212895,0.04165268937558153,1.0,0.234375,41.828125
163,-24.179249929851636,0.03807288689577527,1.0,0.34375,42.171875
164,-24.179259822751533,0.03762995505106305,1.0,0.109375,42.28125
165,-24.179269625982695,0.03667277025495195,1.0,0.234375,42.515625
166,-24.179280126692877,0.037048804463275,1.0,0.109375,42.625
167,-24.179289487998037,0.03512767621088953,1.0,0.1875,42.8125
168,-24.179297773796915,0.034609003880913064,1.0,0.265625,43.078125
169,-24.179305991780378,0.033113924387283264,1.0,0.21875,43.296875
170,-24.179314043421247,0.03155554225078104,1.0,0.28125,43.578125
171,-24.179322037089193,0.03224474111593161,1.0,0.28125,43.859375
172,-24.17932921278618,0.031211700037125933,1.0,0.234375,44.09375
173,-24.179336209683527,0.03004683921444717,1.0,0.234375,44.328125
174,-24.179342139707305,0.029418399852086777,1.0,0.21875,44.546875
175,-24.17934961699561,0.02860395723017201,1.0,0.515625,45.0625
176,-24.179355342742824,0.027414701605918145,1.0,0.421875,45.484375
177,-24.17936073899584,0.027050300013811823,1.0,0.421875,45.90625
178,-24.179366063130164,0.02664804316436959,1.0,0.375,46.28125
179,-24.179370679028874,0.024916752404286844,1.0,0.265625,46.546875
180,-24.179376043975438,0.02498216175815931,1.0,0.328125,46.875
181,-24.179380392924,0.024649747302723908,1.0,0.25,47.125
182,-24.179384624853423,0.023651547886319773,1.0,0.234375,47.359375
183,-24.179388241969466,0.023251380208873577,1.0,0.21875,47.578125
184,-24.179392120800415,0.022577687691907933,1.0,0.296875,47.875
185,-24.17939599147588,0.022151256564367887,1.0,0.296875,48.171875
186,-24.17939934728872,0.02156870142953038,1.0,0.390625,48.5625
187,-24.179402570869858,0.02076882374845203,1.0,0.109375,48.671875
188,-24.17940567091884,0.02032020838291199,1.0,0.28125,48.953125
189,-24.179408544171768,0.02022800475225336,1.0,0.359375,49.3125
190,-24.179411461017676,0.019832856212564285,1.0,0.375,49.6875
191,-24.179413989523557,0.0187286672467168,1.0,0.25,49.9375
192,-24.179416319090453,0.01855406471768875,1.0,0.34375,50.28125
193,-24.17941867482341,0.01779612930581359,1.0,0.34375,50.625
194,-24.17942108723342,0.01782838400016942,1.0,0.34375,50.96875
195,-24.179423466887204,0.01705120874382668,1.0,0.140625,51.109375
196,-24.179425427974977,0.01665436658845993,1.0,0.140625,51.25
197,-24.179427552042505,0.01634331446692224,1.0,0.34375,51.59375
198,-24.179429545522765,0.01633208331315512,1.0,0.25,51.84375
199,-24.17943149679383,0.01618149185025286,1.0,0.453125,52.296875
200,-24.179433366925743,0.01582939667365166,1.0,0.453125,52.75
201,-24.179435042239444,0.015149979342832742,1.0,0.21875,52.96875
202,-24.17943647566663,0.014459243694542361,1.0,0.296875,53.265625
203,-24.17943808316169,0.013755552993679528,1.0,0.3125,53.578125
204,-24.179439437560664,0.013694358462042089,1.0,0.4375,54.015625
205,-24.179440862646224,0.013334321098119285,1.0,0.328125,54.34375
206,-24.179442047876076,0.01269942129551003,1.0,0.34375,54.6875
207,-24.179443262144723,0.012908612115853474,1.0,0.21875,54.90625
208,-24.1794445691408,0.01242296990116255,1.0,0.203125,55.109375
209,-24.179445729051846,0.012235816125935873,1.0,0.265625,55.375
210,-24.17944695375164,0.012067909465919926,1.0,0.21875,55.59375
211,-24.179447985557296,0.011366281016489108,1.0,0.296875,55.890625
212,-24.179448975704034,0.011313855890810921,1.0,0.484375,56.375
213,-24.179449872130835,0.01073369668354423,1.0,0.453125,56.828125
214,-24.179450637078567,0.010177953348488766,1.0,0.203125,57.03125
215,-24.17945135392397,0.010027865499791368,1.0,0.328125,57.359375
216,-24.179452065999723,0.010197984704782063,1.0,0.1875,57.546875
217,-24.179452783190126,0.009831778165177843,1.0,0.328125,57.875
218,-24.179453423128944,0.009683236217977976,1.0,0.3125,58.1875
219,-24.179454043238582,0.009192550744344148,1.0,0.296875,58.484375
220,-24.17945474128585,0.009299267416377982,1.0,0.234375,58.71875
221,-24.17945531961753,0.008712528147045352,1.0,0.265625,58.984375
222,-24.179455912478456,0.008605898492216298,1.0,0.234375,59.21875
223,-24.179456432984118,0.008309541386488218,1.0,0.34375,59.5625
224,-24.17945690811721,0.008098725868404122,1.0,0.34375,59.90625
225,-24.179457349443734,0.007757241409013247,1.0,0.21875,60.125
226,-24.179457737531962,0.007532949374649928,1.0,0.21875,60.34375
227,-24.17945819203638,0.00754487170034639,1.0,0.375,60.71875
228,-24.179458612387712,0.007449405710747201,1.0,0.21875,60.9375
229,-24.17945904199169,0.0071025564183404815,1.0,0.125,61.0625
230,-24.179459384906266,0.006792165519753491,1.0,0.28125,61.34375
231,-24.1794597355172,0.0067669223688506695,1.0,0.3125,61.65625
232,-24.17946009244936,0.0065521870475576975,1.0,0.4375,62.09375
233,-24.17946038928787,0.006163481285429856,1.0,0.265625,62.359375
234,-24.17946068285056,0.005989686346601309,1.0,0.234375,62.59375
235,-24.179460948820783,0.006070136739010623,1.0,0.125,62.71875
236,-24.17946122734585,0.00584409261238793,1.0,0.34375,63.0625
237,-24.179461474409642,0.005813320697361847,1.0,0.25,63.3125
238,-24.179461719787323,0.00563857110743164,1.0,0.328125,63.640625
239,-24.1794619491036,0.005496936412615193,1.0,0.328125,63.96875
240,-24.179462167197556,0.005391231821661001,1.0,0.25,64.21875
241,-24.17946240197723,0.00543960877659931,1.0,0.359375,64.578125
242,-24.179462617466868,0.005249918130556293,1.0,0.25,64.828125
243,-24.17946279362661,0.005009334434188285,1.0,0.21875,65.046875
244,-24.1794629758717,0.00486028901435701,1.0,0.125,65.171875
245,-24.17946314096482,0.004726424639473122,1.0,0.484375,65.65625
246,-24.179463315892924,0.0045829778558894255,1.0,0.296875,65.953125
247,-24.17946345341908,0.0043645557201200495,1.0,0.453125,66.40625
248,-24.17946359491868,0.004378010654990536,1.0,0.21875,66.625
249,-24.17946373550133,0.004335879546388566,1.0,0.453125,67.078125
250,-24.179463876763617,0.004179922079405526,1.0,0.25,67.328125
251,-24.179464003934605,0.004124895431007525,1.0,0.25,67.578125
252,-24.179464125055862,0.00397377157645861,1.0,0.34375,67.921875
253,-24.17946423868315,0.003889604585549378,1.0,0.265625,68.1875
254,-24.179464338594936,0.0037706441992124175,1.0,0.328125,68.515625
255,-24.17946444299849,0.00355621991384881,1.0,0.390625,68.90625
256,-24.179464538913667,0.003583077022699462,1.0,0.328125,69.234375
257,-24.179464621918083,0.0033975494519693644,1.0,0.328125,69.5625
258,-24.17946470393917,0.0034078354605481336,1.0,0.21875,69.78125
259,-24.179464788050215,0.0033841537727349875,1.0,0.28125,70.0625
260,-24.179464870330982,0.00329272382176978,1.0,0.21875,70.28125
261,-24.179464953254858,0.0032210588919569993,1.0,0.234375,70.515625
262,-24.179465018946946,0.0030149699255039844,1.0,0.203125,70.71875
263,-24.179465084536094,0.002925942392245762,1.0,0.25,70.96875
264,-24.179465135436615,0.0029584193886764035,1.0,0.265625,71.234375
265,-24.179465198521623,0.002801707902497323,1.0,0.328125,71.5625
266,-24.17946525089303,0.002807185085641291,1.0,0.328125,71.890625
267,-24.179465303927586,0.0027277404728765103,1.0,0.328125,72.21875
268,-24.17946535691741,0.002672217028741136,1.0,0.34375,72.5625
269,-24.179465407768905,0.0025476749510670474,1.0,0.375,72.9375
270,-24.17946545830311,0.002527214468273302,1.0,0.28125,73.21875
271,-24.179465507411397,0.002502040504956501,1.0,0.296875,73.515625
272,-24.179465550080824,0.0024286644492872785,1.0,0.515625,74.03125
273,-24.179465593144393,0.002401856335804706,1.0,0.3125,74.34375
274,-24.179465629741692,0.0023296229054713276,1.0,0.296875,74.640625
275,-24.179465669094487,0.0023057718130340254,1.0,0.296875,74.9375
276,-24.17946570861039,0.00219770916890212,1.0,0.296875,75.234375
277,-24.179465746335026,0.002187860748102089,1.0,0.25,75.484375
278,-24.179465779764172,0.0020995195693198714,1.0,0.546875,76.03125
279,-24.17946581039541,0.002004060657293702,1.0,0.5,76.53125
280,-24.179465840436265,0.0019309750995251808,1.0,0.53125,77.0625
281,-24.179465867627822,0.0019761178514893876,1.0,0.5,77.5625
282,-24.17946589170056,0.0018992103026132998,1.0,0.265625,77.828125
283,-24.179465918757042,0.0018791575651737225,1.0,0.375,78.203125
284,-24.179465943764047,0.0017711601022871554,1.0,0.203125,78.40625
285,-24.17946596717823,0.0017205102203701418,1.0,0.421875,78.828125
286,-24.179465986703086,0.0016505190827597466,1.0,0.34375,79.171875
287,-24.17946600569929,0.001622980464804868,1.0,0.234375,79.40625
288,-24.17946602595832,0.0016562898123854222,1.0,0.15625,79.5625
289,-24.17946604624156,0.0015776958988938784,1.0,0.46875,80.03125
290,-24.179466063748485,0.0015426281130866636,1.0,0.34375,80.375
291,-24.179466080063737,0.0015002149433613059,1.0,0.125,80.5
292,-24.179466096692174,0.001452960655224148,1.0,0.375,80.875
293,-24.179466113709914,0.001448285721523761,1.0,0.265625,81.140625
294,-24.179466128017395,0.0013750793270434906,1.0,0.359375,81.5
295,-24.179466141363367,0.0013329710138073841,1.0,0.234375,81.734375
296,-24.179466153664457,0.0012950279302950496,1.0,0.328125,82.0625
297,-24.179466166014574,0.001274864541961058,1.0,0.234375,82.296875
298,-24.179466176770678,0.0012126643213813877,1.0,0.25,82.546875
299,-24.17946618640206,0.0011742497623257158,1.0,0.390625,82.9375
300,-24.179466196123673,0.001148436777770611,1.0,0.3125,83.25
301,-24.179466206555883,0.0011585177166510794,1.0,0.359375,83.609375
302,-24.179466216534873,0.0011512573090104595,1.0,0.328125,83.9375
303,-24.179466225862367,0.0011177769285956578,1.0,0.21875,84.15625
304,-24.179466235794273,0.0010843491447750078,1.0,0.21875,84.375
305,-24.17946624374726,0.0010448075498792361,1.0,0.265625,84.640625
306,-24.179466251611345,0.0010099470585992931,1.0,0.21875,84.859375
307,-24.17946625849434,0.0009803693550036502,1.0,0.34375,85.203125
308,-24.179466265442905,0.0009562263018607691,1.0,0.34375,85.546875
309,-24.179466272630528,0.0009523771204311308,1.0,0.234375,85.78125
310,-24.179466279074127,0.0009250014544471058,1.0,0.296875,86.078125
311,-24.179466285536943,0.0008991215435841492,1.0,0.28125,86.359375
312,-24.179466291405284,0.0008561096661337279,1.0,0.265625,86.625
313,-24.1794662966751,0.0008341280996748146,1.0,0.375,87.0
314,-24.17946630111344,0.0008026759681982435,1.0,0.25,87.25
315,-24.179466306056735,0.000796835249301788,1.0,0.234375,87.484375
316,-24.17946631017059,0.0007842143052701256,1.0,0.34375,87.828125
317,-24.17946631509849,0.0007993172609200622,1.0,0.25,88.078125
318,-24.17946631951505,0.0007822300330477184,1.0,0.34375,88.421875
319,-24.179466323685798,0.0007334643129499972,1.0,0.34375,88.765625
320,-24.179466327593605,0.0007155054745863193,1.0,0.203125,88.96875
321,-24.17946633101399,0.000695940141861882,1.0,0.390625,89.359375
322,-24.17946633485658,0.0007035414845300373,1.0,0.375,89.734375
323,-24.179466338020557,0.0006571137237460562,1.0,0.3125,90.046875
324,-24.179466341037283,0.0006509898272410032,1.0,0.234375,90.28125
325,-24.179466344070804,0.0006200603903634855,1.0,0.328125,90.609375
326,-24.179466347003583,0.0006066891836686742,1.0,0.3125,90.921875
327,-24.179466349653254,0.0006082604601829748,1.0,0.25,91.171875
328,-24.17946635211494,0.0005849983211395778,1.0,0.34375,91.515625
329,-24.179466354481352,0.0005621762303438985,1.0,0.21875,91.734375
330,-24.179466356787344,0.0005364335686474492,1.0,0.265625,92.0
331,-24.17946635878986,0.0005312942711147898,1.0,0.328125,92.328125
332,-24.179466360894736,0.0005186209027417763,1.0,0.171875,92.5
333,-24.179466362888125,0.0005101728577243033,1.0,0.28125,92.78125
334,-24.179466364707878,0.0005079076623144926,1.0,0.3125,93.09375
335,-24.179466366516134,0.0004801355950548442,1.0,0.25,93.34375
336,-24.179466368113413,0.0004829400037838111,1.0,0.46875,93.8125
337,-24.1794663696714,0.00046854168092913084,1.0,0.40625,94.21875
338,-24.17946637137559,0.0004561332430016693,1.0,0.28125,94.5
339,-24.17946637300724,0.00045236227995843154,1.0,0.15625,94.65625
340,-24.179466374573554,0.00044772343524113753,1.0,0.234375,94.890625
341,-24.179466375977746,0.00041919389600000417,1.0,0.234375,95.125
342,-24.179466377193176,0.0004170995616977014,1.0,0.140625,95.265625
343,-24.179466378315606,0.00039913623388503544,1.0,0.25,95.515625
344,-24.179466379418848,0.00039974813298889025,1.0,0.34375,95.859375
345,-24.179466380550597,0.0003861036505252496,1.0,0.265625,96.125
346,-24.179466381632537,0.0003814310594382225,1.0,0.3125,96.4375
347,-24.17946638274258,0.0003683894383445501,1.0,0.25,96.6875
348,-24.179466383716196,0.0003624067375325163,1.0,0.328125,97.015625
349,-24.179466384675386,0.0003525692229351665,1.0,0.21875,97.234375
350,-24.179466385561994,0.00033237886450249344,1.0,0.25,97.484375
351,-24.17946638646438,0.00033567734236536885,1.0,0.234375,97.71875
352,-24.17946638723253,0.0003222570937809449,1.0,0.171875,97.890625
353,-24.179466388052997,0.0003174245055075513,1.0,0.21875,98.109375
354,-24.179466388766286,0.0003014005265281176,1.0,0.203125,98.3125
355,-24.17946638945602,0.0002951969549643301,1.0,0.25,98.5625
356,-24.17946639012054,0.00029282746110099534,1.0,0.25,98.8125
357,-24.179466390747642,0.0002870173632139584,1.0,0.25,99.0625
358,-24.17946639137421,0.00029494618044593096,1.0,0.265625,99.328125
359,-24.17946639207733,0.0002782684254209714,1.0,0.125,99.453125
360,-24.179466392597966,0.0002651916107779283,1.0,0.234375,99.6875
361,-24.179466393088216,0.0002555935812959962,1.0,0.328125,100.015625
362,-24.179466393578462,0.0002543616502122106,1.0,0.46875,100.484375
363,-24.1794663940696,0.00024320857579696154,1.0,0.234375,100.71875
364,-24.179466394466537,0.0002319068277457401,1.0,0.1875,100.90625
365,-24.179466394863386,0.00023341561474533664,1.0,0.25,101.15625
366,-24.17946639522724,0.00022408620245841065,1.0,0.296875,101.453125
367,-24.17946639557031,0.00022264009321783528,1.0,0.328125,101.78125
368,-24.17946639591152,0.0002187253048720403,1.0,0.328125,102.109375
369,-24.1794663962625,0.00021071523606881062,1.0,0.328125,102.4375
370,-24.179466396573464,0.00019980393732603487,1.0,0.3125,102.75
371,-24.179466396865518,0.00020396534472396586,1.0,0.375,103.125
372,-24.179466397129296,0.00019715558254595472,1.0,0.109375,103.234375
373,-24.17946639743248,0.00019308531903321552,1.0,0.40625,103.640625
374,-24.179466397715206,0.00018258378723711563,1.0,0.46875,104.109375
375,-24.17946639792811,0.00017471820587799047,1.0,0.203125,104.3125
376,-24.179466398156173,0.00017376670712489664,1.0,0.359375,104.671875
377,-24.179466398375983,0.00017155294509866952,1.0,0.375,105.046875
378,-24.179466398562287,0.00015958789733241797,1.0,0.25,105.296875
379,-24.179466398756315,0.00016504068151006795,1.0,0.234375,105.53125
380,-24.179466398954098,0.00015898892413188236,1.0,0.40625,105.9375
381,-24.179466399133926,0.00015687510894535627,1.0,0.375,106.3125
382,-24.179466399352883,0.00015538884928999321,1.0,0.3125,106.625
383,-24.17946639951134,0.00014567027876351434,1.0,0.375,107.0
384,-24.179466399679786,0.00014563225438365745,1.0,0.359375,107.359375
385,-24.1794663998132,0.00014519385311697355,1.0,0.4375,107.796875
386,-24.179466399977986,0.0001383748770305212,1.0,0.359375,108.15625
387,-24.179466400118645,0.0001374501395825634,1.0,0.3125,108.46875
388,-24.179466400237928,0.00013207952934877085,1.0,0.3125,108.78125
389,-24.179466400372036,0.00013103226361656928,1.0,0.203125,108.984375
390,-24.179466400503685,0.00012394525141343028,1.0,0.453125,109.4375
391,-24.179466400618008,0.00011564397405442817,1.0,0.375,109.8125
392,-24.179466400711554,0.0001147656834206968,1.0,0.25,110.0625
393,-24.179466400814064,0.00011140772194292803,1.0,0.28125,110.34375
394,-24.17946640090109,0.00010668763668255632,1.0,0.296875,110.640625
395,-24.179466400985326,0.00010510559733100968,1.0,0.46875,111.109375
396,-24.1794664010701,0.00010487338306066539,1.0,0.21875,111.328125
397,-24.179466401150982,0.00010342943791336496,1.0,0.28125,111.609375
398,-24.179466401214963,9.719469856430438e-05,1.0,0.296875,111.90625
399,-24.179466401285712,9.723829866256222e-05,1.0,0.4375,112.34375
400,-24.179466401359676,9.403464786099768e-05,1.0,0.25,112.59375
401,-24.179466401428165,9.707273342663082e-05,1.0,0.328125,112.921875
402,-24.17946640149167,8.945685687917357e-05,1.0,0.265625,113.1875
403,-24.179466401545678,8.637968167272026e-05,1.0,0.4375,113.625
404,-24.179466401597963,8.340935471769782e-05,1.0,0.234375,113.859375
405,-24.179466401648362,8.175576851278624e-05,1.0,0.328125,114.1875
406,-24.17946640169945,8.413862893482128e-05,1.0,0.3125,114.5
407,-24.179466401743408,8.046184068666194e-05,1.0,0.390625,114.890625
408,-24.179466401793487,7.871049990792624e-05,1.0,0.3125,115.203125
409,-24.179466401841175,7.528646167303263e-05,1.0,0.25,115.453125
410,-24.179466401883737,7.509954943841202e-05,1.0,0.234375,115.6875
411,-24.17946640192235,7.165148551420944e-05,1.0,0.3125,116.0
412,-24.179466401966287,7.175449498487002e-05,1.0,0.234375,116.234375
413,-24.179466402001758,6.71197900837028e-05,1.0,0.328125,116.5625
414,-24.179466402034517,6.700875275181086e-05,1.0,0.234375,116.796875
415,-24.179466402067966,6.36049170425802e-05,1.0,0.234375,117.03125
416,-24.179466402094498,6.276368036264788e-05,1.0,0.40625,117.4375
417,-24.17946640212446,6.245340203586276e-05,1.0,0.265625,117.703125
418,-24.179466402152556,5.983656785465628e-05,1.0,0.5,118.203125
419,-24.179466402177496,5.8183221379185716e-05,1.0,0.234375,118.4375
420,-24.179466402201708,5.692726362742735e-05,1.0,0.453125,118.890625
421,-24.179466402225646,5.651694753854915e-05,1.0,0.265625,119.15625
422,-24.17946640224698,5.518730528679849e-05,1.0,0.125,119.28125
423,-24.17946640226773,5.278607317694821e-05,1.0,0.453125,119.734375
424,-24.17946640228768,5.234147156112377e-05,1.0,0.125,119.859375
425,-24.179466402308957,5.243220320375269e-05,1.0,0.265625,120.125
426,-24.17946640232875,5.2447689167273394e-05,1.0,0.28125,120.40625
427,-24.179466402346733,4.749784624672484e-05,1.0,0.21875,120.625
428,-24.17946640236461,4.7641354236166916e-05,1.0,0.390625,121.015625
429,-24.179466402380964,4.6923179088994886e-05,1.0,0.375,121.390625
430,-24.179466402395768,4.4303396300850445e-05,1.0,0.234375,121.625
431,-24.17946640241218,4.572449574885641e-05,1.0,0.296875,121.921875
432,-24.179466402427252,4.3379663410894686e-05,1.0,0.328125,122.25
433,-24.179466402440042,4.108929165173967e-05,1.0,0.078125,122.328125
434,-24.179466402452338,4.1660090392042515e-05,1.0,0.234375,122.5625
435,-24.179466402464985,4.0883066145807664e-05,1.0,0.265625,122.828125
436,-24.179466402475953,3.8859478284506464e-05,1.0,0.25,123.078125
437,-24.179466402487368,3.8170419713543206e-05,1.0,0.25,123.328125
438,-24.179466402497866,3.6776609733369875e-05,1.0,0.3125,123.640625
439,-24.179466402507998,3.7078486298689075e-05,1.0,0.265625,123.90625
440,-24.17946640251814,3.5242699615837694e-05,1.0,0.359375,124.265625
441,-24.179466402527886,3.413545111127891e-05,1.0,0.203125,124.46875
442,-24.179466402534935,3.231092931338268e-05,1.0,0.3125,124.78125
443,-24.179466402543095,3.250598226329825e-05,1.0,0.265625,125.046875
444,-24.17946640255068,3.097430364494607e-05,1.0,0.328125,125.375
445,-24.17946640255834,3.1085020674677503e-05,1.0,0.25,125.625
446,-24.179466402564728,3.0557380679794076e-05,1.0,0.265625,125.890625
447,-24.179466402571077,2.993230157447593e-05,1.0,0.34375,126.234375
448,-24.17946640257768,2.91442111804125e-05,1.0,0.3125,126.546875
449,-24.179466402583735,2.8279957194126734e-05,1.0,0.359375,126.90625
450,-24.179466402589412,2.8566016007765884e-05,1.0,0.328125,127.234375
451,-24.17946640259537,2.7646138447657628e-05,1.0,0.25,127.484375
452,-24.17946640260162,2.658615019627486e-05,1.0,0.34375,127.828125
453,-24.17946640260667,2.5514810137195914e-05,1.0,0.28125,128.109375
454,-24.179466402611318,2.4866048501616232e-05,1.0,0.359375,128.46875
455,-24.17946640261578,2.3739485858240302e-05,1.0,0.234375,128.703125
456,-24.179466402620097,2.3484438472443793e-05,1.0,0.234375,128.9375
457,-24.179466402623486,2.2592257103319174e-05,1.0,0.375,129.3125
458,-24.179466402627085,2.2255058398593578e-05,1.0,0.265625,129.578125
459,-24.179466402630887,2.1944130076309985e-05,1.0,0.125,129.703125
460,-24.179466402634535,2.1517661179257548e-05,1.0,0.46875,130.171875
461,-24.179466402637914,2.1210847041336633e-05,1.0,0.359375,130.53125
462,-24.179466402640816,1.9929179343405857e-05,1.0,0.359375,130.890625
463,-24.179466402644007,1.9631956907842473e-05,1.0,0.171875,131.0625
464,-24.179466402646987,1.995155541118822e-05,1.0,0.3125,131.375
465,-24.179466402649773,1.9117605651609814e-05,1.0,0.328125,131.703125
466,-24.17946640265222,1.8028968469537927e-05,1.0,0.546875,132.25
467,-24.17946640265515,1.866950542745936e-05,1.0,0.21875,132.46875
468,-24.179466402657674,1.7232373246773865e-05,1.0,0.25,132.71875
469,-24.179466402659674,1.685368089415916e-05,1.0,0.28125,133.0
470,-24.179466402661433,1.579573859566559e-05,1.0,0.265625,133.265625
471,-24.179466402663483,1.5433790235270283e-05,1.0,0.296875,133.5625
472,-24.179466402665177,1.462241259064708e-05,1.0,0.265625,133.828125
473,-24.179466402666808,1.5338969686359124e-05,1.0,0.28125,134.109375
474,-24.17946640266854,1.4722214653354938e-05,1.0,0.34375,134.453125
475,-24.17946640266995,1.431869215566377e-05,1.0,0.34375,134.796875
476,-24.179466402671324,1.3997173728789221e-05,1.0,0.234375,135.03125
477,-24.179466402672688,1.3760786070716157e-05,1.0,0.359375,135.390625
478,-24.17946640267408,1.3896792916401028e-05,1.0,0.328125,135.71875
479,-24.179466402675285,1.2692685746527601e-05,1.0,0.265625,135.984375
480,-24.179466402676553,1.2465291714842603e-05,1.0,0.34375,136.328125
481,-24.179466402677754,1.2501521330623078e-05,1.0,0.234375,136.5625
482,-24.179466402678827,1.2126033126735633e-05,1.0,0.296875,136.859375
483,-24.179466402679942,1.1957040702501635e-05,1.0,0.359375,137.21875
484,-24.17946640268117,1.2148947820456338e-05,1.0,0.421875,137.640625
485,-24.179466402682156,1.1955063684189695e-05,1.0,0.234375,137.875
486,-24.179466402683186,1.1379246311818339e-05,1.0,0.375,138.25
487,-24.17946640268402,1.0762471130646844e-05,1.0,0.140625,138.390625
488,-24.179466402684906,1.0925864656933507e-05,1.0,0.390625,138.78125
489,-24.179466402685737,1.0350662870363137e-05,1.0,0.34375,139.125
490,-24.179466402686483,1.0433266468590904e-05,1.0,0.421875,139.546875
491,-24.17946640268724,1.011246452251489e-05,1.0,0.15625,139.703125
492,-24.17946640268796,9.912697970389412e-06,1.0,0.25,139.953125
493,-24.179466402688607,9.449492973887129e-06,1.0,0.234375,140.1875
494,-24.179466402689226,8.97887486553828e-06,1.0,0.203125,140.390625
495,-24.179466402689755,8.867955563671626e-06,1.0,0.53125,140.921875
496,-24.179466402690295,8.943946373689271e-06,1.0,0.28125,141.203125
497,-24.17946640269087,8.71230967163203e-06,1.0,0.296875,141.5
498,-24.179466402691414,8.276870179737283e-06,1.0,0.34375,141.84375
499,-24.179466402691908,8.143506703202401e-06,1.0,0.40625,142.25
500,-24.179466402692455,8.09841963539029e-06,1.0,0.15625,142.40625
501,-24.179466402692956,7.711839159181993e-06,1.0,0.34375,142.75
502,-24.179466402693393,7.791088554449186e-06,1.0,0.21875,142.96875
503,-24.17946640269382,7.669587969529486e-06,1.0,0.484375,143.453125
504,-24.179466402694263,7.451615136966038e-06,1.0,0.265625,143.71875
505,-24.179466402694587,7.158576351083411e-06,1.0,0.28125,144.0
506,-24.179466402694924,6.868135265825992e-06,1.0,0.296875,144.296875
507,-24.17946640269528,6.734614928789115e-06,1.0,0.296875,144.59375
508,-24.17946640269557,6.382207450847799e-06,1.0,0.109375,144.703125
509,-24.179466402695887,6.527706129756174e-06,1.0,0.25,144.953125
510,-24.179466402696193,6.253355032929115e-06,1.0,0.34375,145.296875
511,-24.179466402696494,6.057389358734555e-06,1.0,0.171875,145.46875
512,-24.17946640269674,5.907874660932834e-06,1.0,0.21875,145.6875
513,-24.179466402696967,5.603784502575724e-06,1.0,0.328125,146.015625
514,-24.179466402697155,5.4414528202934045e-06,1.0,0.21875,146.234375
515,-24.179466402697358,5.481289813982435e-06,1.0,0.296875,146.53125
516,-24.17946640269756,5.282614044618167e-06,1.0,0.234375,146.765625
517,-24.179466402697752,5.316554915247978e-06,1.0,0.359375,147.125
518,-24.179466402698008,5.148334859622547e-06,1.0,0.234375,147.359375
519,-24.17946640269818,5.038985933175854e-06,1.0,0.359375,147.71875
520,-24.17946640269835,4.934228907412209e-06,1.0,0.3125,148.03125
521,-24.179466402698548,4.881537066586622e-06,1.0,0.1875,148.21875
522,-24.179466402698704,4.621018118942526e-06,1.0,0.203125,148.421875
523,-24.17946640269886,4.5995961758763794e-06,1.0,0.25,148.671875
524,-24.179466402699045,4.424943162156328e-06,1.0,0.21875,148.890625
525,-24.179466402699173,4.191859343614406e-06,1.0,0.359375,149.25
526,-24.17946640269931,4.388852530362612e-06,1.0,0.34375,149.59375
527,-24.179466402699436,4.0958526519312165e-06,1.0,0.359375,149.953125
528,-24.179466402699568,4.016640629994746e-06,1.0,0.4375,150.390625
529,-24.1794664026997,3.947170445706227e-06,1.0,0.359375,150.75
530,-24.1794664026998,3.913918973216845e-06,1.0,0.28125,151.03125
531,-24.179466402699923,3.6858835112629522e-06,1.0,0.265625,151.296875
532,-24.179466402700022,3.6493235033623113e-06,1.0,0.34375,151.640625
533,-24.17946640270009,3.669946871138333e-06,1.0,0.390625,152.03125
534,-24.179466402700193,3.459258715174775e-06,1.0,0.359375,152.390625
535,-24.179466402700257,3.349368779052881e-06,1.0,0.3125,152.703125
536,-24.17946640270036,3.414145003652439e-06,1.0,0.453125,153.15625
537,-24.179466402700438,3.4576216707566674e-06,1.0,0.453125,153.609375
538,-24.17946640270051,3.201901358985405e-06,1.0,0.390625,154.0
539,-24.179466402700594,3.1262086521168523e-06,1.0,0.265625,154.265625
540,-24.17946640270066,2.9567272932778046e-06,1.0,0.4375,154.703125
541,-24.179466402700736,2.9344841802285306e-06,1.0,0.453125,155.15625
542,-24.179466402700776,2.893254524593221e-06,1.0,0.53125,155.6875
543,-24.179466402700847,2.7638672089096778e-06,1.0,0.4375,156.125
544,-24.17946640270089,2.7298058522606415e-06,1.0,0.296875,156.421875
545,-24.179466402700974,2.665498184987034e-06,1.0,0.28125,156.703125
546,-24.179466402701006,2.5741440458761315e-06,1.0,0.34375,157.046875
547,-24.179466402701056,2.5144611255011654e-06,1.0,0.3125,157.359375
548,-24.17946640270109,2.4195816787771586e-06,1.0,0.140625,157.5
549,-24.17946640270113,2.3434048181017195e-06,1.0,0.359375,157.859375
550,-24.179466402701188,2.2951318853496194e-06,1.0,0.3125,158.171875
551,-24.179466402701213,2.3085303188426962e-06,1.0,0.21875,158.390625
552,-24.179466402701255,2.2078179760330307e-06,1.0,0.25,158.640625
553,-24.17946640270128,2.187031726911625e-06,1.0,0.328125,158.96875
554,-24.179466402701298,2.2123107689249283e-06,1.0,0.375,159.34375
555,-24.17946640270135,2.1317870272781094e-06,1.0,0.359375,159.703125
556,-24.17946640270137,2.070705952460821e-06,1.0,0.359375,160.0625
557,-24.17946640270142,1.9982599327783122e-06,1.0,0.359375,160.421875
558,-24.179466402701458,1.957713555074689e-06,1.0,0.328125,160.75
559,-24.179466402701483,1.898911927838817e-06,1.0,0.296875,161.046875
560,-24.179466402701514,1.8438851409975201e-06,1.0,0.21875,161.265625
561,-24.179466402701536,1.8043445933796934e-06,1.0,0.375,161.640625
562,-24.17946640270156,1.7525471079985039e-06,1.0,0.375,162.015625
563,-24.179466402701575,1.7294434494669626e-06,1.0,0.25,162.265625
564,-24.179466402701586,1.7072936184370115e-06,1.0,0.265625,162.53125
565,-24.17946640270162,1.6635018885748835e-06,1.0,0.390625,162.921875
566,-24.179466402701646,1.6705884613628332e-06,1.0,0.453125,163.375
567,-24.179466402701664,1.6014810675928503e-06,1.0,0.234375,163.609375
568,-24.17946640270167,1.5737330957031485e-06,1.0,0.453125,164.0625
569,-24.17946640270169,1.5157508721466162e-06,1.0,0.3125,164.375
570,-24.17946640270172,1.5205187367595394e-06,0.25,0.390625,164.765625
571,-24.17946640270174,1.3809070969222777e-06,1.0,0.265625,165.03125
572,-24.17946640270174,1.410149989587409e-06,1.0,0.359375,165.390625
573,-24.17946640270174,1.3595008880562052e-06,1.0,0.328125,165.71875
574,-24.179466402701753,1.3482875313374576e-06,1.0,0.328125,166.046875
575,-24.179466402701767,1.3371774795500797e-06,1.0,0.4375,166.484375
576,-24.17946640270178,1.3113467023770233e-06,1.0,0.203125,166.6875
577,-24.17946640270179,1.2662262584760617e-06,1.0,0.390625,167.078125
578,-24.179466402701813,1.2284460874381784e-06,0.5,0.4375,167.515625
579,-24.179466402701813,1.0899857165732027e-06,1.0,0.203125,167.71875
580,-24.179466402701813,1.1281535535825738e-06,1.0,0.265625,167.984375
581,-24.17946640270183,1.115255663046441e-06,1.0,0.3125,168.296875
582,-24.179466402701838,1.1198046663199301e-06,1.0,0.171875,168.46875
583,-24.179466402701863,1.0883231706647612e-06,0.5,0.203125,168.671875
584,-24.17946640270187,9.786976176380542e-07,0.0,0.078125,168.75
