k,f,grad_norm,x_norm,alpha,subspace_dim_s,inner_dim_r,L,rs_reg,rk_reg,rk_iters,rk_residual
0,2057.0,2069.4271671165434,3.492849839314596,1.0,7,4,10,0.0,0.0,10,0.06752145967213319
1,429.02782457596834,525.6537007303056,2.356707519318847,0.03125,7,4,10,0.0,0.0,10,0.21497319261690304
2,349.5095165801713,563.8611941171915,1.8854669254957543,1.0,7,4,10,0.0,0.0,10,7.346095676760233
3,211.74257925450647,423.3327858673681,1.700863210877742,1.0,7,4,10,0.0,0.0,10,51356.31465067217
4,138.71763691715972,307.4963320195802,1.3631427928169826,0.00390625,7,4,10,0.0,0.0,10,2062463.2385767912
5,79.49652459828006,200.1023102658411,0.8479856479189297,0.5,7,4,10,0.0,0.0,5,365.11827700824875
6,76.92039118502981,161.18276839758815,0.8983924270761464,0.0078125,7,4,10,0.0,0.0,10,379.8025257525785
7,33.79763499429365,93.75177426314545,0.5452373255100493,0.125,7,4,10,0.0,0.0,10,2367880.156156237
8,30.130638259701776,88.78808372900852,0.5128973522571714,0.125,7,4,10,0.0,0.0,2,126.70120852925875
9,18.765335447504153,63.487551057701296,0.3412201783103276,0.0078125,7,4,10,0.0,0.0,10,1269.4947251474796
10,18.76056218965817,63.26634684120194,0.34095590725299135,0.015625,7,4,10,0.0,0.0,10,4011052.1108691324
11,18.449577027051195,63.32751881199154,0.32441995529734585,0.125,7,4,10,0.0,0.0,3,120.60724871801726
12,17.683538354449276,55.20232245067832,0.4104690002160817,0.0078125,7,4,10,0.0,0.0,10,4816.165772020554
13,11.526927950984692,29.2341965988309,0.2989249324684669,0.03125,7,4,10,0.0,0.0,10,1248156.4611780946
14,11.491548336025707,27.720169444047013,0.3091404766922543,0.0078125,7,4,10,0.0,0.0,10,17053052.6644538
15,9.834029997821855,14.598399571030832,0.2642642276631265,0.03125,7,4,10,0.0,0.0,2,71.80773178029742
16,9.66184930398888,11.59059225105001,0.2511805072784129,0.0078125,7,4,10,0.0,0.0,10,19104.45188121154
17,9.426667190888601,6.552917847563347,0.24439413523426726,0.00048828125,7,4,10,0.0,0.0,7,78.14298818865576
18,9.426613118773663,6.54055041110546,0.24456993142707859,0.00390625,7,4,10,0.0,0.0,10,43607.422539081075
19,9.418976705491279,6.396232516389402,0.24279146376500124,0.0009765625,7,4,10,0.0,0.0,5,84.09261694473818
20,9.41896730976759,6.391342625298484,0.2427811229421612,0.0078125,7,4,10,0.0,0.0,10,72210.40057999277
21,9.334824410318785,3.733220773529356,0.22734826914202602,0.00390625,7,4,10,0.0,0.0,10,7219310.134503852
22,9.329687235744956,3.503770277690498,0.22622675594415156,0.001953125,7,4,10,0.0,0.0,2,88.45469947981702
23,9.329482585943275,3.477097294054618,0.22633973259006865,0.0078125,7,4,10,0.0,0.0,10,1115.7703600672262
24,9.29663952601702,2.287479071037444,0.21742744781939657,0.015625,7,4,10,0.0,0.0,10,473738.5631805407
25,9.294781824611576,2.1723065987312378,0.21717270289408028,0.015625,7,4,10,0.0,0.0,9,97.22416208263358
26,9.286067542817978,3.8557725368006825,0.19264993984534473,0.00390625,7,4,10,0.0,0.0,10,289.1958529388994
27,9.284526015551997,3.7152543179247495,0.1931887795806529,0.0078125,7,4,10,0.0,0.0,10,170045.13051134555
28,9.249007591597577,2.577112002846585,0.18457686863372327,0.001953125,7,4,10,0.0,0.0,7,92.51036756633903
29,9.248969785961036,2.5809246764250044,0.18453893245009298,0.0078125,7,4,10,0.0,0.0,10,27.749554287352982
30,9.224430496345772,2.0836792806656654,0.17053261925268742,0.0009765625,7,4,10,0.0,0.0,10,81994.8043730633
31,9.224194593918321,2.094968208053806,0.1702639307861574,0.015625,7,4,10,0.0,0.0,10,69.09101528011155
32,9.205722753636545,3.600101742830987,0.14954445464866478,0.0078125,7,4,10,0.0,0.0,10,582.2671234918251
33,9.16964816589499,2.6595564178847835,0.13404643907584557,0.015625,7,4,10,0.0,0.0,10,2232738.242686022
34,9.169039382241094,4.983665675750539,0.1131716547519229,0.0625,7,4,10,0.0,0.0,10,5254442.996525061
35,9.160824675866573,4.8487186218945215,0.1112719777454238,0.001953125,7,4,10,0.0,0.0,5,47.7843943714653
36,9.160564516300296,4.836068829588672,0.11141453817989733,0.0078125,7,4,10,0.0,0.0,10,5342.810079040949
37,9.098489388156333,3.025848502605425,0.09104455916765859,0.0078125,7,4,10,0.0,0.0,10,1152871.769345218
38,9.062917531973062,2.2706322252291136,0.0800001446238704,0.0009765625,7,4,10,0.0,0.0,8,32.29230420565286
39,9.06284130914874,2.254131124389695,0.07992876966202518,0.03125,7,4,10,0.0,0.0,10,1757.4470241077606
40,9.050118743235645,6.7879853265952175,0.039499967185254656,0.00390625,7,4,10,0.0,0.0,10,49840.24076395366
41,9.040463124411321,6.413221190227165,0.03946510347261914,0.0078125,7,4,10,0.0,0.0,8,36.24569986930632
42,8.9436305961926,3.814366242062834,0.03692093416030414,0.0078125,7,4,10,0.0,0.0,10,6785.275626504719
43,8.891927267083062,2.659586796154147,0.03296538715377012,0.015625,7,4,10,0.0,0.0,6,20.316092672867494
44,8.887299377578445,4.148059562372636,0.04230363897617117,0.0078125,7,4,10,0.0,0.0,10,1983451.3296715696
45,8.832183173855451,2.929772833609197,0.05845678352118373,0.015625,7,4,10,0.0,0.0,5,15.365825886324192
46,8.824707875902195,2.6990546175410177,0.060675112423557324,0.001953125,7,4,10,0.0,0.0,10,263.2798297995975
47,8.824569510898964,2.6372983620389863,0.06043958153975451,0.015625,7,4,10,0.0,0.0,10,17803.886740380425
48,8.778596961926402,4.0412400498765395,0.0859854171719118,0.0078125,7,4,10,0.0,0.0,10,198163.93469757304
49,8.722790412298338,2.909497765861817,0.10515021940485249,0.015625,7,4,10,0.0,0.0,10,2518701.8427506466
50,8.684113856471244,4.757297010982039,0.13605162947964083,0.015625,7,4,10,0.0,0.0,3,26.437302435588748
51,8.665327463393448,3.9621559623221256,0.1364673723958821,0.0078125,7,4,10,0.0,0.0,10,19376.286564810584
52,8.607807124142402,2.849611770205382,0.1549251398111384,0.015625,7,4,10,0.0,0.0,10,348759.8646618822
53,8.60565935956289,2.638393390197659,0.15463235017142454,0.00390625,7,4,10,0.0,0.0,7,49.908211324045006
54,8.605475677555349,2.680644965827863,0.1550825704413675,0.015625,7,4,10,0.0,0.0,10,3635461.601178981
55,8.547898404134095,3.8620793187639766,0.18775210347809418,0.0078125,7,4,10,0.0,0.0,3,45.33095435818513
56,8.4910259065263,2.8715785190760568,0.2053373891633126,0.03125,7,4,10,0.0,0.0,10,37.8199722616492
57,8.490096237637927,2.7483823706158144,0.20505675908649867,0.0078125,7,4,10,0.0,0.0,10,142.76351986658332
58,8.48979422544632,2.6814724265198264,0.20483835339587872,0.015625,7,4,10,0.0,0.0,10,5291.261549476105
59,8.430381019974972,3.9549357788826294,0.23994871102552118,0.0078125,7,4,10,0.0,0.0,10,346284.4540972133
60,8.376152388092821,3.2580902472461664,0.2554133543806096,0.015625,7,4,10,0.0,0.0,10,4796855.090774714
61,8.375271345821849,3.191190261439933,0.25568111696961665,0.001953125,7,4,10,0.0,0.0,2,107.31280763242417
62,8.375266756000478,3.190525765180862,0.2557002089588272,0.015625,7,4,10,0.0,0.0,10,3685.781649588522
63,8.365221548933715,6.8012751964060945,0.29511217359640207,0.0078125,7,4,10,0.0,0.0,10,194678.0901256227
64,8.333261689046969,7.391443547684574,0.3036178732308443,0.00390625,7,4,10,0.0,0.0,6,147.4987340376108
65,8.225681095319068,2.4766706177155946,0.3161690411361207,0.03125,7,4,10,0.0,0.0,10,34931.71857967837
66,8.1307464152012,7.194203341620349,0.38357155498976814,0.00390625,7,4,10,0.0,0.0,10,1489728.6336766821
67,8.040257320918158,3.0719688335759856,0.3960766181092938,0.00048828125,7,4,10,0.0,0.0,10,130.21857610733863
68,8.040256634687772,3.0705725173875087,0.39607697896335403,0.0078125,7,4,10,0.0,0.0,10,32248.928000475826
69,8.005321679338985,3.920164781150284,0.40992696341285034,0.03125,7,4,10,0.0,0.0,5,214.6977896932694
70,8.005131340045649,3.8831679599653492,0.4101703339638026,0.03125,7,4,10,0.0,0.0,10,41.82962422208921
71,8.003932083142168,3.7119901657660983,0.40993780451149414,0.001953125,7,4,10,0.0,0.0,10,31217.098493442234
72,8.003923119535177,3.7097805217398747,0.4099663488488197,0.00048828125,7,4,10,0.0,0.0,10,2393978.867555364
73,8.003923101962675,3.7079707555512362,0.40996118190607395,0.00390625,7,4,10,0.0,0.0,9,207.87127564945152
74,8.003906553043228,3.67797092614341,0.40986151400854826,0.0078125,7,4,10,0.0,0.0,10,174714.41607518363
75,7.981811029335799,5.333407447048886,0.43235902850062646,0.00390625,7,4,10,0.0,0.0,10,1806826.4528583426
76,7.9327954270220316,3.016742752705905,0.43640482360387234,0.001953125,7,4,10,0.0,0.0,2,209.9922630934015
77,7.932748476575276,3.018484719052241,0.43645673729946327,0.001953125,7,4,10,0.0,0.0,10,1205329.204936999
78,7.93274782542535,3.0163783788462686,0.43646839898689144,0.0078125,7,4,10,0.0,0.0,10,209.53440972067895
79,7.901600336369382,4.248039829479914,0.4573038600278154,0.00390625,7,4,10,0.0,0.0,10,2662.2679168706536
80,7.866668019513044,2.8729867092661796,0.46268552610870994,0.0078125,7,4,10,0.0,0.0,10,136710.26569983023
81,7.833864032589707,4.0670949846513595,0.48314361798223937,0.00390625,7,4,10,0.0,0.0,10,4322536.160617396
82,7.80197758805573,2.953845902731902,0.4887280879212583,0.0078125,7,4,10,0.0,0.0,8,232.62510875241082
83,7.772524284875424,4.5039716870028155,0.5093851226799957,0.00390625,7,4,10,0.0,0.0,10,49.948202538417746
84,7.739250829046962,3.319799023419828,0.5144498605765676,0.0078125,7,4,10,0.0,0.0,10,716.0507965575941
85,7.723117058359843,5.879626791493528,0.536070405483304,0.00390625,7,4,10,0.0,0.0,10,427323.2139478532
86,7.683041722349057,4.36400941780705,0.539594470738269,0.0078125,7,4,10,0.0,0.0,5,302.0300101340247
87,7.682890567623573,4.324362031917715,0.5395544245361169,0.00390625,7,4,10,0.0,0.0,10,23.207354342938363
88,7.68288519832076,4.3053438622352544,0.5394994506673884,0.001953125,7,4,10,0.0,0.0,10,190.4987335090932
89,7.682754859214571,4.3654026797035845,0.5400024322646338,0.0009765625,7,4,10,0.0,0.0,10,130.5061745236153
90,7.682753199417164,4.3589679576782006,0.5399842911626116,0.015625,7,4,10,0.0,0.0,10,233923.20818186374
91,7.682002202122906,4.225353820852462,0.539685820258572,0.00390625,7,4,10,0.0,0.0,3,297.9727431692583
92,7.652610623068904,3.410433044946331,0.5513409147046576,0.0078125,7,4,10,0.0,0.0,10,78.72264329321284
93,7.643261960419756,6.561552478268393,0.5644671727499228,0.00390625,7,4,10,0.0,0.0,10,10609.475859893499
94,7.64321449176455,6.559593637073698,0.564600902496674,0.0625,7,4,10,0.0,0.0,10,12693132.53470428
95,7.641275593497053,6.149996305647782,0.5644995047468871,0.00390625,7,4,10,0.0,0.0,3,323.1039659935378
96,7.601865041921758,4.922740785070295,0.5775768164788871,0.03125,7,4,10,0.0,0.0,10,908.8263845090542
97,7.601829240951562,4.767124101042015,0.5772818126189841,0.00390625,7,4,10,0.0,0.0,10,66940.69890569443
98,7.601771204592517,4.750911503523028,0.5772360673625108,0.00390625,7,4,10,0.0,0.0,10,278424.07116963994
99,7.572507045284912,4.051817569762352,0.5818037291944581,0.0625,7,4,10,0.0,0.0,6,323.4496115396249
100,7.5722274026285215,3.793670155184932,0.5813395442357553,0.0078125,7,4,10,0.0,0.0,10,24.97988807316368
101,7.572183193498903,3.7477685094153665,0.5811968416406337,0.015625,7,4,10,0.0,0.0,10,57.83416498284137
102,7.5721513285583635,3.6834264168422464,0.5810935980114579,0.00390625,7,4,10,0.0,0.0,10,992.672493764732
103,7.54705651303113,3.3148808099469718,0.5920189855531485,0.0078125,7,4,10,0.0,0.0,10,1526.7242393198528
104,7.5469679316001805,3.2764042495037424,0.5922241421968941,0.0078125,7,4,10,0.0,0.0,9,225.92317680390283
105,7.535481031957215,6.526476765274476,0.6053431404263071,0.25,7,4,10,0.0,0.0,10,118.25333286815479
106,7.5305791462049445,4.9388452010329384,0.6033914827062095,0.00390625,7,4,10,0.0,0.0,10,1461.4210196044862
107,7.493756120379135,4.124095543022072,0.6154476058567416,0.00390625,7,4,10,0.0,0.0,10,818028.5171303129
108,7.469190072779396,3.8872748913158275,0.6211652438391018,0.001953125,7,4,10,0.0,0.0,7,345.0569496410405
109,7.469187854531332,3.8750922601142457,0.6211234641352836,0.00390625,7,4,10,0.0,0.0,10,17217.06078674228
110,7.445935813454394,3.750921716744191,0.6323348467824803,0.00390625,7,4,10,0.0,0.0,10,36304.17791568493
111,7.4232398542045,3.6964854304412804,0.6383783496516104,0.00390625,7,4,10,0.0,0.0,10,1717943.7235253635
112,7.400969178725857,3.701199865136061,0.649325526041692,0.0078125,7,4,10,0.0,0.0,9,286.57834511547696
113,7.400849348319895,3.664112207294923,0.64946603242183,0.00390625,7,4,10,0.0,0.0,10,953.3956405298883
114,7.378550834793627,3.702738430864424,0.6555514920866201,0.00390625,7,4,10,0.0,0.0,10,24921.404724066862
115,7.357076107590983,3.824382907434002,0.6664148818221052,0.00390625,7,4,10,0.0,0.0,10,978119.1403332135
116,7.336168994094882,4.01958333842228,0.6723708935991669,0.015625,7,4,10,0.0,0.0,3,381.16284687236094
117,7.336160864563228,3.9516614032320962,0.6722094584460431,0.001953125,7,4,10,0.0,0.0,10,150.0421729112409
118,7.33616085411308,3.9433973904750306,0.672189806300281,0.015625,7,4,10,0.0,0.0,10,687.6919127772687
119,7.336158314884534,3.8828355734215543,0.6720583426296641,0.0009765625,7,4,10,0.0,0.0,10,581.6723783812974
120,7.336152142834306,3.884954463135562,0.6720860671318221,0.0078125,7,4,10,0.0,0.0,10,20599.528460050227
121,7.3361519875423555,3.8574383635034644,0.6720187250990199,0.001953125,7,4,10,0.0,0.0,7,375.0974301869285
122,7.336139825313261,3.8597590785009412,0.6720749485104573,0.00390625,7,4,10,0.0,0.0,10,9487.707899187393
123,7.315711912202624,4.122591051517175,0.6830380534085793,0.00390625,7,4,10,0.0,0.0,10,41677.36240691432
124,7.296322089620828,4.49899375313716,0.6886814803593466,0.125,7,4,10,0.0,0.0,10,224306.69920019095
125,7.295609137350865,3.9467714256011366,0.6879260464071381,0.00390625,7,4,10,0.0,0.0,10,27778603.50701643
126,7.275821104628598,4.329224202376876,0.6988014036000872,0.00390625,7,4,10,0.0,0.0,1,349.67932082382
127,7.275790205243778,4.3096566747446925,0.6988291039725306,0.00390625,7,4,10,0.0,0.0,10,8.770607861635398
128,7.2579543435497955,4.869691376720684,0.7042052765510608,0.125,7,4,10,0.0,0.0,10,1189.9162917153456
129,7.257613634953773,4.242296595481825,0.702971631928671,0.0078125,7,4,10,0.0,0.0,10,56752.0631622067
130,7.257056141284566,4.194231847237869,0.7029951825879048,0.0078125,7,4,10,0.0,0.0,10,92284.65939126855
131,7.25704521434135,4.164997382391823,0.7029402532556567,0.015625,7,4,10,0.0,0.0,10,6705031.32569798
132,7.256640056788206,4.1330450369591345,0.7031788105068837,0.015625,7,4,10,0.0,0.0,4,399.50235188920664
133,7.256613234924487,4.071051568458296,0.7030676499225289,0.00390625,7,4,10,0.0,0.0,10,42.85694371140637
134,7.237752722192821,4.597357410429599,0.7140157105883252,0.00390625,7,4,10,0.0,0.0,10,399.62767166508934
135,7.2223626587286125,5.3992905351429155,0.7191361636297408,0.125,7,4,10,0.0,0.0,10,10573.812202743227
136,7.221107051286122,4.579730753682393,0.7171589335601263,0.03125,7,4,10,0.0,0.0,10,347711.0300527478
137,7.219462708447946,4.411763385488761,0.7172265700400778,0.00390625,7,4,10,0.0,0.0,10,572074.8463098814
138,7.203216213073432,5.197688048380553,0.7287967125817435,0.015625,7,4,10,0.0,0.0,10,37744809.0478545
139,7.202853041143972,5.0898024690821035,0.7289209059706435,0.00390625,7,4,10,0.0,0.0,10,4451103.155320495
140,7.190973144155144,6.206204978155866,0.7335567479522143,0.125,7,4,10,0.0,0.0,1,456.4443457178401
141,7.187435777696766,5.333931208284235,0.7324456333012225,0.00390625,7,4,10,0.0,0.0,10,94.62537824401727
142,7.1754793703951565,6.53834145076505,0.7445975158603071,0.015625,7,4,10,0.0,0.0,10,1237036.9823945574
143,7.175348967001569,6.45613239767046,0.74426932029866,0.0078125,7,4,10,0.0,0.0,9,430.97045935754005
144,7.175116248944763,6.401522159293215,0.7442173455140166,0.00390625,7,4,10,0.0,0.0,10,5378.710327503958
145,7.174938484424082,8.224900722182111,0.7477876216249342,0.015625,7,4,10,0.0,0.0,10,260137.07112456902
146,7.174098951447987,8.070160476218595,0.7475552681477394,0.00390625,7,4,10,0.0,0.0,10,2281816.913854264
147,7.1739782141251,8.04229018351898,0.7475457239720315,0.001953125,7,4,10,0.0,0.0,9,473.1697789716264
148,7.114421352645203,2.7662275373205194,0.7545635991159005,0.0078125,7,4,10,0.0,0.0,10,4338.416819782019
149,7.08718730034254,5.4534327202960275,0.7696869826503,0.03125,7,4,10,0.0,0.0,10,130265.9989237239
150,7.087061571355272,5.25702195767752,0.7692498370442773,0.00390625,7,4,10,0.0,0.0,10,290233.854028678
151,7.0814076769815175,7.02762319751376,0.7810469128188462,0.03125,7,4,10,0.0,0.0,6,466.5966407262689
152,7.081245787658023,6.8310905431538025,0.7806218229962848,0.001953125,7,4,10,0.0,0.0,10,257.8840601108036
153,7.03843549454681,2.8081141873461926,0.782145581765849,0.0078125,7,4,10,0.0,0.0,10,600.1802062626876
154,7.015734814048441,6.053638548208299,0.8009513311158765,0.00390625,7,4,10,0.0,0.0,10,6945.457409300645
155,7.015688278219461,6.033335265425216,0.800910589286594,0.001953125,7,4,10,0.0,0.0,10,454701.405890812
156,6.9820602740362885,2.7814508726244456,0.8028678752049855,0.0078125,7,4,10,0.0,0.0,10,2972307.792661119
157,6.960849292545494,6.246486509498049,0.8215745988582343,0.015625,7,4,10,0.0,0.0,10,489.1427941149889
158,6.960741108150178,6.157947795416517,0.8213509384891221,0.001953125,7,4,10,0.0,0.0,10,149.91205462728573
159,6.927034901866337,2.9041294627735086,0.8232476862683259,0.0078125,7,4,10,0.0,0.0,10,4323.5809983093695
160,6.915443602780734,7.31900360208778,0.8421057238897934,0.00390625,7,4,10,0.0,0.0,10,216402.26247032214
161,6.915328299579894,7.286481647276069,0.8421244800750753,0.125,7,4,10,0.0,0.0,10,544873.5921499575
162,6.914937451701318,6.5410131383607615,0.8404823196679285,0.001953125,7,4,10,0.0,0.0,10,11760652.950516924
163,6.877505399002613,3.162057173969847,0.842155198994127,0.00390625,7,4,10,0.0,0.0,2,391.377771008851
164,6.858058247386952,3.9644058261201387,0.8515906627465638,0.00390625,7,4,10,0.0,0.0,10,617.0353634098659
165,6.848718650179449,5.828675752048195,0.857633758905978,0.0625,7,4,10,0.0,0.0,10,332398.44407246524
166,6.847850638662198,5.4241784208861015,0.8570979753035572,0.015625,7,4,10,0.0,0.0,6,534.3989871011873
167,6.847811343824679,5.32324577184854,0.856835149650823,0.00390625,7,4,10,0.0,0.0,10,334.37600110382385
168,6.847732186704952,5.271161406327161,0.8564963861032772,0.0078125,7,4,10,0.0,0.0,10,44068.60473591049
169,6.847699295425548,5.227132640650688,0.8563452398857748,0.015625,7,4,10,0.0,0.0,10,59114.72925016191
170,6.847685901337447,5.144310694197824,0.8562055445351019,0.015625,7,4,10,0.0,0.0,10,1200545.251172039
171,6.847670844897071,5.116072551176529,0.8564854675550075,0.001953125,7,4,10,0.0,0.0,5,525.9843429724142
172,6.822912914867288,2.8943902515842,0.8620641640703787,0.0078125,7,4,10,0.0,0.0,10,119.6591812382307
173,6.810313153009781,7.385437157428778,0.8764518928723818,0.015625,7,4,10,0.0,0.0,10,570.4874080141979
174,6.810008470708579,7.267301063552865,0.8764013507328289,0.125,7,4,10,0.0,0.0,10,1195.7031710938559
175,6.80730550509994,6.372421876505789,0.8757233886055372,0.001953125,7,4,10,0.0,0.0,10,10282.171548234986
176,6.773610531267101,3.3401330422387785,0.8814361011672919,0.00390625,7,4,10,0.0,0.0,10,46467.73875040023
177,6.757296333072623,4.6201049511702825,0.8878175019271425,0.001953125,7,4,10,0.0,0.0,10,248501.3034431106
178,6.73685941836207,2.877357465346712,0.8930978426948724,0.0078125,7,4,10,0.0,0.0,10,29686902.45932366
179,6.727700564585566,7.802781035064928,0.9072501241661195,0.5,7,4,10,0.0,0.0,2,597.8648345396442
180,6.721724932737284,3.8374710770925193,0.8991165614874082,0.0078125,7,4,10,0.0,0.0,10,755.3155505333048
181,6.72117502546827,3.7882009589136536,0.8990296928817431,0.00390625,7,4,10,0.0,0.0,10,1047.5759199526901
182,6.695701490120678,4.607533052009401,0.9104661123313114,0.00390625,7,4,10,0.0,0.0,10,64662.11453812286
183,6.6956558933591666,4.587107183703235,0.9104069442352853,0.001953125,7,4,10,0.0,0.0,10,32161785.82276077
184,6.675531281447397,2.957486634800088,0.9136458234335209,0.0078125,7,4,10,0.0,0.0,1,419.03196922918994
185,6.6720949653770685,8.48440921804164,0.9331886640155818,0.125,7,4,10,0.0,0.0,10,189478.7484491387
186,6.670941137891959,7.493809344366193,0.9324439858482665,0.015625,7,4,10,0.0,0.0,10,23658569.90150349
187,6.666484400430163,7.213125825823697,0.9328703476706851,0.0009765625,7,4,10,0.0,0.0,2,578.4547704984363
188,6.665963919752626,7.205514039921375,0.932647614236138,0.0078125,7,4,10,0.0,0.0,10,13292.512952754198
189,6.665945960055953,7.174883663993653,0.9322694864071029,0.001953125,7,4,10,0.0,0.0,10,249944.25686087002
190,6.628572187740893,4.039580444505817,0.9336623991556336,0.0078125,7,4,10,0.0,0.0,10,1725247.1061692252
191,6.628522294779167,3.98695134298087,0.9334357140977245,0.00390625,7,4,10,0.0,0.0,5,518.5863109368204
192,6.6215829277458464,6.46481432493822,0.9430091378821731,0.001953125,7,4,10,0.0,0.0,10,199.01853280485207
193,6.592275291515558,3.7946903114984356,0.9450761528049553,0.00390625,7,4,10,0.0,0.0,10,323.4895431604368
194,6.5864601231633575,6.348871350510145,0.9549045414713498,0.001953125,7,4,10,0.0,0.0,10,3279.5807057581796
195,6.558596120591679,3.8367780849884516,0.9570330259870758,0.001953125,7,4,10,0.0,0.0,10,4084050.182590015
196,6.558594942204891,3.831867288452278,0.9570435800119442,0.00390625,7,4,10,0.0,0.0,7,547.1269693277229
197,6.554077610802951,6.551605652742953,0.9668409477640687,6.103515625e-05,7,4,10,0.0,0.0,10,24951.138342800048
198,6.55407760816155,6.551298317084888,0.9668400090126109,0.015625,7,4,10,0.0,0.0,10,7771131.266002201
199,6.55401744878891,6.458482339704939,0.9665434757486248,0.03125,7,4,10,0.0,0.0,10,603.9818477793452
200,6.553487455572013,6.230762867486108,0.9666877723751689,0.00390625,7,4,10,0.0,0.0,10,4411.845379443593
201,6.55338712596645,6.203065737684048,0.9667472182115936,0.001953125,7,4,10,0.0,0.0,10,1995679.5139016618
202,6.526574239920059,3.869050775492362,0.9687375404434831,0.00390625,7,4,10,0.0,0.0,6,550.2441181014218
203,6.522640212694023,6.701438608768739,0.9782695065776869,0.00390625,7,4,10,0.0,0.0,10,1589055.8769188158
204,6.522297003048749,6.659576416669221,0.9784444505051287,0.001953125,7,4,10,0.0,0.0,10,2017212.3785339973
205,6.493824930078262,4.167841107267877,0.9804689187311626,0.00390625,7,4,10,0.0,0.0,4,580.9018202225535
206,6.4938154963015435,4.150920393679388,0.9804400046079584,0.001953125,7,4,10,0.0,0.0,10,9007.676022353862
207,6.477470309309884,3.0500451695399957,0.9853493672183562,0.00390625,7,4,10,0.0,0.0,10,700990.2071286346
208,6.462544891980247,4.6588542317955355,0.9921862289269888,0.001953125,7,4,10,0.0,0.0,10,4924894.671842559
209,6.444594102083942,3.3203039162017163,0.9972400358548714,0.0009765625,7,4,10,0.0,0.0,5,463.30703462812073
210,6.444588422451503,3.316297627791282,0.9972595434715139,0.00390625,7,4,10,0.0,0.0,10,1001.2805266737154
211,6.433855408981916,5.508322428435161,1.0038681008311647,0.0625,7,4,10,0.0,0.0,10,36409.01803042499
212,6.433216139346767,5.174879021455348,1.003675949169276,0.03125,7,4,10,0.0,0.0,10,249273.4374615787
213,6.432741110522756,4.99757572931443,1.0034497045046549,0.00390625,7,4,10,0.0,0.0,10,1115331.423425925
214,6.432574056457866,4.975663645942405,1.0034852918777366,0.03125,7,4,10,0.0,0.0,5,621.4196161506952
215,6.432305997485459,4.78932028868163,1.0030111057116755,0.001953125,7,4,10,0.0,0.0,10,1105.0848258478266
216,6.413580932811689,3.434833494917064,1.0081435856753724,0.0078125,7,4,10,0.0,0.0,10,20590.495936499512
217,6.413431794435726,3.396940509108708,1.0081776558510303,0.00390625,7,4,10,0.0,0.0,10,9328.840023774803
218,6.403709746436773,5.759322263561646,1.0148239576304618,0.0078125,7,4,10,0.0,0.0,10,527335.4601854064
219,6.403703547214874,5.7130276493756496,1.0147352285021851,0.0625,7,4,10,0.0,0.0,10,5584045.997447615
220,6.403517002873122,5.364081820938286,1.014400885533916,0.001953125,7,4,10,0.0,0.0,9,643.2987409386474
221,6.383026855573596,3.788582708493363,1.0195819299298121,0.00390625,7,4,10,0.0,0.0,10,248129.18477757645
222,6.380566836856953,6.949974445196986,1.0258315080695712,0.001953125,7,4,10,0.0,0.0,10,6881893.478104373
223,6.380526030201745,6.913473505049136,1.0258037783987997,0.0625,7,4,10,0.0,0.0,4,680.7467048258785
224,6.3799982139982925,6.440737263030018,1.0247711551460106,0.03125,7,4,10,0.0,0.0,10,8774.407251458926
225,6.37879058843235,6.235577690826247,1.0248916049760644,0.001953125,7,4,10,0.0,0.0,10,212840.83568059566
226,6.354782924220109,4.338089050359895,1.0303533360701709,0.015625,7,4,10,0.0,0.0,10,7771985.797145066
227,6.354488051240435,4.261216668597373,1.0304843006135496,0.001953125,7,4,10,0.0,0.0,3,574.4158415117756
228,6.338605482529002,3.2821316941285534,1.0333806522931581,0.00390625,7,4,10,0.0,0.0,10,5754.867915680006
229,6.328304470987657,5.6343833220096915,1.0423081163455417,0.001953125,7,4,10,0.0,0.0,10,54377.63400576066
230,6.308196672725731,4.108433028590495,1.0447896768177911,0.001953125,7,4,10,0.0,0.0,10,327578.8562590031
231,6.2931860895656815,3.259178063836796,1.049536260844893,0.00390625,7,4,10,0.0,0.0,9,483.4986840182055
232,6.283196276008979,5.6848716614387875,1.0561866714776087,0.25,7,4,10,0.0,0.0,10,2365.815909722998
233,6.282567522817286,4.2539554173026195,1.0537576633784205,0.015625,7,4,10,0.0,0.0,10,69723.09184731942
234,6.282269905352126,4.198608846414628,1.0539228783779797,0.015625,7,4,10,0.0,0.0,10,3269740.4971547998
235,6.28223959531235,4.12978572167629,1.0537886620468977,0.001953125,7,4,10,0.0,0.0,2,624.2491259557327
236,6.26732048097538,3.304485250415494,1.0585080159099445,0.00390625,7,4,10,0.0,0.0,10,4079.7655650947227
237,6.258385889209256,5.885802089876138,1.0651064497137874,0.03125,7,4,10,0.0,0.0,10,1918669.8163330841
238,6.258374331469126,5.714084700667693,1.0648922406407568,0.015625,7,4,10,0.0,0.0,10,3128714.941471757
239,6.258308566314804,5.6215320390834105,1.0647762019988822,0.125,7,4,10,0.0,0.0,10,6306392.663576286
240,6.257579320391301,4.99053698659937,1.0643612949787677,0.001953125,7,4,10,0.0,0.0,10,14575954.1558878
241,6.239245934841181,3.8536238615306844,1.0692106006265678,0.001953125,7,4,10,0.0,0.0,3,559.5907613484197
242,6.224761600516418,3.1898727970978227,1.072280087247648,0.00390625,7,4,10,0.0,0.0,10,588337.2390445686
243,6.213457488319586,5.529522497503077,1.0810257996971684,0.001953125,7,4,10,0.0,0.0,10,667.9445066029708
244,6.195250920638754,4.3042479998753045,1.0836231318499598,0.001953125,7,4,10,0.0,0.0,10,42809.88842873577
245,6.180466221296482,3.529138445694218,1.0883560401060248,0.00390625,7,4,10,0.0,0.0,10,282850.98808806593
246,6.176889060908527,6.812891031238299,1.094849343725141,0.03125,7,4,10,0.0,0.0,10,4267536.538894022
247,6.176837117717911,6.601896411895656,1.094496951950331,0.001953125,7,4,10,0.0,0.0,10,2919072.651959091
248,6.155545190490705,5.14814797658797,1.0997844140996769,0.001953125,7,4,10,0.0,0.0,10,666.2072913837463
249,6.138939839830645,4.164295631462092,1.1025378555812535,0.001953125,7,4,10,0.0,0.0,10,193473.21194825205
250,6.1247672693688395,3.5141209246411043,1.1071875446651291,0.00390625,7,4,10,0.0,0.0,10,112201.59071316189
251,6.12158197010246,6.904668375199261,1.1136922936055842,0.5,7,4,10,0.0,0.0,10,2107939.498956185
252,6.116923722337685,3.5042015199090346,1.1097495849922834,0.00390625,7,4,10,0.0,0.0,10,10108244.951964997
253,6.111373935295621,6.693187203495812,1.1185123349730781,0.015625,7,4,10,0.0,0.0,1,723.9430640973605
254,6.111338521281451,6.5886838869149384,1.118479917653247,0.001953125,7,4,10,0.0,0.0,10,24978.41984303651
255,6.091608526213637,5.338314951989231,1.120649733565016,0.25,7,4,10,0.0,0.0,10,22111.375723844212
256,6.091142491729399,4.3391056582785845,1.1218429709868287,0.001953125,7,4,10,0.0,0.0,10,296670.7025807442
257,6.074748809631546,3.669723387280623,1.1259947846854719,0.00390625,7,4,10,0.0,0.0,10,18750574.70690159
258,6.07224389576788,7.278463537777776,1.131757991293216,0.001953125,7,4,10,0.0,0.0,1,759.2995878574549
259,6.051742086364516,6.0115889096553605,1.1368589254590318,0.0078125,7,4,10,0.0,0.0,10,37319.06313712679
260,6.051735801600146,5.967858928350231,1.1367713610774657,0.015625,7,4,10,0.0,0.0,10,27053577.92722743
261,6.051682508879763,5.877799264685039,1.136621584397954,0.001953125,7,4,10,0.0,0.0,1,719.4017146602978
262,6.034888435923451,4.95176534201933,1.139029507927971,0.001953125,7,4,10,0.0,0.0,10,2182.1913491853425
263,6.020122518412709,4.262424568300294,1.1436788502644673,0.001953125,7,4,10,0.0,0.0,10,2545.7948663934817
264,6.006585702371134,3.7533428751874585,1.1466193384767889,0.001953125,7,4,10,0.0,0.0,10,85803.35348930683
265,5.993826111085736,3.381734869020839,1.150992756174688,0.00390625,7,4,10,0.0,0.0,10,409248.3697943598
266,5.989535945514109,6.785767637155086,1.1574851181951296,0.0625,7,4,10,0.0,0.0,10,5018394.809850831
267,5.988709054461517,6.421798491730226,1.1576055331533324,0.0625,7,4,10,0.0,0.0,10,8101885.733774451
268,5.987729273333931,5.935528967282867,1.1568516853176574,0.03125,7,4,10,0.0,0.0,4,745.3738106452641
269,5.987696195342959,5.712150193731831,1.1559673880683807,0.001953125,7,4,10,0.0,0.0,10,87.0311888264658
270,5.970546192798703,4.932164960301614,1.1609939814043293,0.001953125,7,4,10,0.0,0.0,10,4175.061753098059
271,5.955785196700612,4.3474248743543376,1.1639806182389671,0.001953125,7,4,10,0.0,0.0,10,639736.897169801
272,5.942309829929858,3.905443681521386,1.1686035298314408,0.001953125,7,4,10,0.0,0.0,10,5866406.728247315
273,5.929557310765057,3.5690365931343844,1.1717764509213193,0.001953125,7,4,10,0.0,0.0,10,31677340.250562858
274,5.917254836206253,3.3128121942689925,1.1761265102644054,0.00390625,7,4,10,0.0,0.0,2,561.7763814942896
275,5.912180335494946,6.700160948991924,1.1827611877850481,0.125,7,4,10,0.0,0.0,10,641.9711716401582
276,5.911155388585349,5.89064649197897,1.1823784036325413,0.0625,7,4,10,0.0,0.0,10,10747.917686475272
277,5.911139994629658,5.527828506498425,1.1818336221444952,0.001953125,7,4,10,0.0,0.0,10,43203.26006428637
278,5.911133216615982,5.5214647873494425,1.1818672713979308,0.001953125,7,4,10,0.0,0.0,10,23985.970716711356
279,5.895900606404444,4.966929389881426,1.1864568987744166,0.0078125,7,4,10,0.0,0.0,10,153456.7473184865
280,5.895846884243232,4.910227283298226,1.1862647247449107,0.00390625,7,4,10,0.0,0.0,10,1429420.2696286289
281,5.895840551300477,4.88839401764858,1.1862224117772724,0.001953125,7,4,10,0.0,0.0,2,715.7898081725459
282,5.882247218249213,4.4663694490744,1.1889525298504906,0.001953125,7,4,10,0.0,0.0,10,197989.67116976812
283,5.869325479574413,4.126716375204965,1.1933594274850357,0.001953125,7,4,10,0.0,0.0,10,12967172.516405554
284,5.869324270274195,4.119246412714171,1.1933496014625686,0.001953125,7,4,10,0.0,0.0,5,673.4944799692523
285,5.856830052606001,3.8453856043425545,1.1963351229175394,0.001953125,7,4,10,0.0,0.0,10,386.5033445486546
286,5.844628000192472,3.623427430670407,1.2006168649763185,0.001953125,7,4,10,0.0,0.0,10,36976.03616487652
287,5.832624712160581,3.442970941435423,1.2037638650965217,0.00390625,7,4,10,0.0,0.0,10,33892.14051323208
288,5.831652010125517,7.384635040864416,1.2121498002897684,0.125,7,4,10,0.0,0.0,10,4223106.213269963
289,5.831624598860584,6.506995719979313,1.2114497257561823,0.001953125,7,4,10,0.0,0.0,9,776.531695293172
290,5.831292344892603,6.509292172798293,1.210969046295497,0.03125,7,4,10,0.0,0.0,10,11284.421436182776
291,5.831180715112258,6.3474382012147625,1.2105204477313098,0.001953125,7,4,10,0.0,0.0,10,45247.66459045876
292,5.815906877072996,5.9000840508664645,1.2128873782060359,0.0078125,7,4,10,0.0,0.0,10,1946622.9336376493
293,5.8158874228436535,5.84543540040275,1.212709233889097,0.00048828125,7,4,10,0.0,0.0,5,787.801412422087
294,5.815623871983477,5.82716530174314,1.2126315324805068,0.0078125,7,4,10,0.0,0.0,10,5073.050425645803
295,5.815250785439794,5.741243023800632,1.212338155607163,0.0625,7,4,10,0.0,0.0,10,3969.2658693127923
296,5.8150036328786845,5.3710052579102445,1.211798662881452,0.015625,7,4,10,0.0,0.0,10,16097.196192753598
297,5.814780886855176,5.29626423484228,1.2118958501381336,0.001953125,7,4,10,0.0,0.0,10,46748.579314930415
298,5.801445487215907,4.981055447360313,1.2165283176734132,0.001953125,7,4,10,0.0,0.0,10,238993.462601163
299,5.788663090291661,4.722234838267453,1.2194328144924065,0.001953125,7,4,10,0.0,0.0,10,6420457.150945332
300,5.776254102857946,4.508422806913031,1.223956158141411,0.001953125,7,4,10,0.0,0.0,1,719.9811435715152
301,5.764073339398273,4.330808761520682,1.2269570315091178,0.001953125,7,4,10,0.0,0.0,10,274.2240631196099
302,5.752082012978628,4.183819654641155,1.2313603329387288,0.001953125,7,4,10,0.0,0.0,10,800127.7284802817
303,5.740215847682697,4.062472525508066,1.2344218263500983,0.001953125,7,4,10,0.0,0.0,5,724.4600280916334
304,5.728466319244617,3.963417002972905,1.2387332231224069,0.001953125,7,4,10,0.0,0.0,10,9630.692253360732
305,5.716795858504261,3.8835560191979943,1.2418351469366995,0.015625,7,4,10,0.0,0.0,10,18097.797399746814
306,5.716724804985222,3.8508919342894283,1.2420161150269842,0.001953125,7,4,10,0.0,0.0,10,93830.95992266537
307,5.705073700268005,3.786479224529065,1.246212939156465,0.001953125,7,4,10,0.0,0.0,6,671.8774592402551
308,5.693524554872972,3.7393551646296626,1.2493127591081732,0.001953125,7,4,10,0.0,0.0,10,2529.3674574239894
309,5.682050063988783,3.706591041403805,1.253474603074949,0.001953125,7,4,10,0.0,0.0,10,2952.9595806915177
310,5.670621792376267,3.686656429057051,1.2566047544586088,0.001953125,7,4,10,0.0,0.0,10,5059.9924676478895
311,5.6592445758736885,3.67880867383439,1.2607484912119757,0.001953125,7,4,10,0.0,0.0,10,3609.7901224812617
312,5.64790394647659,3.682699169478636,1.2638905620674497,0.001953125,7,4,10,0.0,0.0,10,1670.6864494397448
313,5.636611031666775,3.698288678814811,1.2680231040076764,0.001953125,7,4,10,0.0,0.0,10,9915.591675045227
314,5.625355245830288,3.7258992914389366,1.2711620604440754,0.001953125,7,4,10,0.0,0.0,10,106823.40499575381
315,5.614151521206463,3.7660112267832493,1.2752915864241552,0.001953125,7,4,10,0.0,0.0,10,2325096.4185630456
316,5.602991456342508,3.819583886933914,1.2784143990725734,0.001953125,7,4,10,0.0,0.0,10,5555444.812056722
317,5.591894816281204,3.8876336327842718,1.2825504557982743,0.001953125,7,4,10,0.0,0.0,7,704.9724025566869
318,5.580855175869308,3.97184916841084,1.285644610352782,0.001953125,7,4,10,0.0,0.0,10,41223.61130600726
319,5.569899576566702,4.073869834537235,1.2897981752994607,0.001953125,7,4,10,0.0,0.0,10,4776070.448441886
320,5.559024020978656,4.196293599069675,1.292850411815458,0.001953125,7,4,10,0.0,0.0,7,767.7471560091792
321,5.548267061669831,4.341524936635746,1.2970343007384817,0.001953125,7,4,10,0.0,0.0,10,14797.76821274791
322,5.5376283387617375,4.513353277837928,1.3000294581745169,0.001953125,7,4,10,0.0,0.0,10,5964373.462702531
323,5.527165206473272,4.715149557169209,1.3042590452920868,0.001953125,7,4,10,0.0,0.0,4,784.8015567763521
324,5.5168833481035024,4.952317135237286,1.3071788002301772,0.001953125,7,4,10,0.0,0.0,10,95179.49057334402
325,5.506871734466635,5.229466958894235,1.3114730559979586,0.001953125,7,4,10,0.0,0.0,10,5012502.273415524
326,5.4971465345202075,5.55425034886702,1.3142943482901357,0.001953125,7,4,10,0.0,0.0,1,849.222781676554
327,5.487851452446433,5.93288900372027,1.318677265335036,0.03125,7,4,10,0.0,0.0,10,63794.23552216648
328,5.487807576222261,5.747268342352888,1.3185281299116336,0.001953125,7,4,10,0.0,0.0,6,838.8866794807308
329,5.478761282178022,6.170084048390251,1.3211818894277856,0.25,7,4,10,0.0,0.0,10,8229.42969689546
330,5.478609320393902,4.649510474815609,1.3187231622212863,0.00390625,7,4,10,0.0,0.0,10,2860157.808237121
331,5.47852635116309,4.622420443875649,1.3187011831607462,0.001953125,7,4,10,0.0,0.0,7,806.9672514171289
332,5.468222950030395,4.911403004727804,1.3229877905970389,0.015625,7,4,10,0.0,0.0,10,5050.006643619029
333,5.4681785300134145,4.842228444735919,1.3228654273801828,0.001953125,7,4,10,0.0,0.0,10,1296457.1865673375
334,5.458406147392115,5.190343517832059,1.3258212116285708,0.001953125,7,4,10,0.0,0.0,1,843.3586221002288
335,5.4491176424750085,5.601901903114289,1.330156183811123,0.001953125,7,4,10,0.0,0.0,10,909.2628954672948
336,5.440374321931291,6.089295306038259,1.3329410867470595,0.015625,7,4,10,0.0,0.0,5,875.5290016085414
337,5.44023224341848,5.992854864187914,1.332852798446258,0.0078125,7,4,10,0.0,0.0,10,50684.2606853036
338,5.440231985635647,5.955060314702375,1.3327891725927772,0.015625,7,4,10,0.0,0.0,10,870.5010136481467
339,5.44020364672547,5.854292929402576,1.3325164388233801,0.001953125,7,4,10,0.0,0.0,10,690.0819352769636
340,5.440122467125964,5.840452711774041,1.3324744965849245,0.015625,7,4,10,0.0,0.0,10,2423.9350633393133
341,5.440092694224409,5.751781349129905,1.3323566496178694,0.015625,7,4,10,0.0,0.0,10,27565.085638799283
342,5.440059531288665,5.666211513954225,1.3322369381584884,0.03125,7,4,10,0.0,0.0,10,641889.5099959637
343,5.440029905866796,5.50681817124932,1.332272228999896,0.001953125,7,4,10,0.0,0.0,10,1720622.802463619
344,5.431187624578003,5.9949834982257855,1.3365909190405276,0.001953125,7,4,10,0.0,0.0,5,856.7888882035451
345,5.423151315386641,6.578486598388622,1.3392655215404374,0.001953125,7,4,10,0.0,0.0,10,1868.4785822647527
346,5.416219514782071,7.267969278298426,1.3437365670402754,0.03125,7,4,10,0.0,0.0,10,6616.625936989241
347,5.416099208431819,7.057282137713073,1.3433343568169631,0.001953125,7,4,10,0.0,0.0,10,754675.9067154677
348,5.409883118750248,7.836768424878056,1.345822418024704,0.5,7,4,10,0.0,0.0,6,911.7493016116429
349,5.405494748355273,3.9697992315837083,1.341113694894126,0.0078125,7,4,10,0.0,0.0,10,15.323776677054232
350,5.40549415067936,3.9535186416916726,1.3410946219838056,0.001953125,7,4,10,0.0,0.0,10,126.1628657251232
351,5.393342696875564,4.1336656233964035,1.3454824769510487,0.0625,7,4,10,0.0,0.0,10,189258.95515681375
352,5.393310557744992,3.959466290236217,1.3448988627213376,0.03125,7,4,10,0.0,0.0,8,729.8078552518557
353,5.393160956468478,3.8215591949623744,1.3450217289069892,0.001953125,7,4,10,0.0,0.0,10,257651.1386705707
354,5.382587906409851,4.102204895175629,1.348234328552416,0.0009765625,7,4,10,0.0,0.0,10,1734751.22011827
355,5.382551999022328,4.109071235142033,1.348432268227179,0.001953125,7,4,10,0.0,0.0,8,788.9274455026534
356,5.372501235722263,4.46735541822082,1.3525016651278907,0.001953125,7,4,10,0.0,0.0,10,727041.4207043343
357,5.36300571500662,4.912801025853827,1.355455366594999,0.001953125,7,4,10,0.0,0.0,10,60041371.09616521
358,5.3542218209794115,5.456821252429435,1.3596144762671798,0.001953125,7,4,10,0.0,0.0,1,854.5172110897108
359,5.346332674652429,6.120827249883252,1.362391769270183,0.015625,7,4,10,0.0,0.0,10,79541.92751799263
360,5.346328340413709,6.036511256397081,1.3623715802864806,0.015625,7,4,10,0.0,0.0,10,2874504.825210697
361,5.346318477854361,5.948711494645418,1.3624079822424664,0.0078125,7,4,10,0.0,0.0,1,888.8661392444659
362,5.346252098294195,5.893777315039637,1.3622175531493002,0.125,7,4,10,0.0,0.0,10,14922.119655189224
363,5.345958917434467,5.056485627254016,1.3604914010873619,0.0625,7,4,10,0.0,0.0,10,805627.5913727088
364,5.3459308316533924,4.748403105387469,1.3603162584537352,0.0078125,7,4,10,0.0,0.0,6,840.6164439893329
365,5.345930737996212,4.712069787530315,1.3602416479365709,0.001953125,7,4,10,0.0,0.0,10,32892.38070610525
366,5.336746032366159,5.230900962419009,1.3644996924851045,0.03125,7,4,10,0.0,0.0,10,29328727.29814147
367,5.336667245728876,5.073745008022108,1.3646467167215317,0.03125,7,4,10,0.0,0.0,2,838.5773481340917
368,5.336467736900431,4.918025278521745,1.3643066243273378,0.001953125,7,4,10,0.0,0.0,10,309.06610594618047
369,5.327809088414766,5.506879139729267,1.3671443869258373,0.001953125,7,4,10,0.0,0.0,10,2339.318937532257
370,5.320289722396371,6.230863354273665,1.371366461804525,0.001953125,7,4,10,0.0,0.0,10,1872927.003541107
371,5.314239992191148,7.120778206966055,1.374022041071342,0.25,7,4,10,0.0,0.0,8,920.7488661853381
372,5.313360939420627,5.370397544003282,1.3718228283645275,0.001953125,7,4,10,0.0,0.0,10,1137483.008761086
373,5.304436747298575,6.034704112860458,1.3760280363115989,0.25,7,4,10,0.0,0.0,10,88299904.5567942
374,5.303232993720114,5.158887582327431,1.3780327801523442,0.015625,7,4,10,0.0,0.0,4,801.7017080220523
375,5.303200103399063,5.076195314415204,1.3782209242190961,0.015625,7,4,10,0.0,0.0,10,989.8402107508366
376,5.301862726413703,4.9349181868685585,1.3779235791340116,0.001953125,7,4,10,0.0,0.0,10,16371.404810120704
377,5.29137901187371,5.421643894843929,1.3801670749683004,0.001953125,7,4,10,0.0,0.0,10,660082.9517884455
378,5.283659817944962,6.191413577020597,1.3837410506138343,0.001953125,7,4,10,0.0,0.0,6,893.0009160736441
379,5.277948502917244,7.168160882055496,1.3861058983168322,0.125,7,4,10,0.0,0.0,10,7767.763696118425
380,5.277684498406934,6.450162375786529,1.386651247823898,0.0625,7,4,10,0.0,0.0,10,476757.18432621926
381,5.277518894308928,6.058127131835827,1.3862249275149618,0.001953125,7,4,10,0.0,0.0,10,66664443.84906458
382,5.2705139041173545,6.980403204192371,1.389975655757303,0.25,7,4,10,0.0,0.0,1,913.5182068796421
383,5.269223006520868,5.2075528517371525,1.3906575496560898,0.001953125,7,4,10,0.0,0.0,10,3262.3152890709543
384,5.25879834231122,5.8886698245214095,1.3923579936910087,0.001953125,7,4,10,0.0,0.0,10,347691.3011982889
385,5.251624434968841,6.823891695773842,1.3958266578435614,0.015625,7,4,10,0.0,0.0,10,109817380.87513204
386,5.251601719837515,6.721182044517656,1.3957841463224228,0.125,7,4,10,0.0,0.0,1,912.3708014090028
387,5.251499226454495,5.887278766780667,1.3954769495432269,0.001953125,7,4,10,0.0,0.0,10,1829.8382376560344
388,5.244461203235029,6.846861897742059,1.3973071029847257,0.0625,7,4,10,0.0,0.0,10,1882833.1206483003
389,5.244326502164382,6.426160389437856,1.3970642598129337,0.001953125,7,4,10,0.0,0.0,9,914.4201794660527
390,5.239157379223985,7.541710158031492,1.4006977775319684,0.0625,7,4,10,0.0,0.0,10,246561.93310747572
391,5.238230180356117,7.12887188724806,1.4008348196728162,0.125,7,4,10,0.0,0.0,9,919.7359658829242
392,5.238119980060118,6.319806635681256,1.399048168215249,0.0078125,7,4,10,0.0,0.0,10,1212.1710715467857
393,5.238082412674583,6.298529172926962,1.3988183076305811,0.03125,7,4,10,0.0,0.0,10,11909.729808520326
394,5.237724538510465,6.153788236043513,1.3983380118167161,0.001953125,7,4,10,0.0,0.0,5,892.5500876453297
395,5.230978096515978,7.160259642168562,1.400620021124791,0.00390625,7,4,10,0.0,0.0,10,110.42731417161106
396,5.230972938853065,7.128212865815261,1.4005126589809687,0.001953125,7,4,10,0.0,0.0,10,1562216.776258925
397,5.228336093946187,8.441771395916685,1.4047053965718337,0.5,7,4,10,0.0,0.0,10,10907813.032095222
398,5.22693160693363,4.4993905634127005,1.402843997046524,0.0625,7,4,10,0.0,0.0,1,760.4947811112019
399,5.2265276569968515,4.194719419749962,1.4031357529180597,0.0625,7,4,10,0.0,0.0,10,154.5981081216083
400,5.225612296558531,4.021996255748536,1.4017151001329384,0.001953125,7,4,10,0.0,0.0,10,679.4851443580321
401,5.21405380282181,4.426682683371292,1.4034569166407607,0.03125,7,4,10,0.0,0.0,10,159037.4056195132
402,5.214028195886344,4.272823273498787,1.4028790035466394,0.001953125,7,4,10,0.0,0.0,10,176997.30362427296
403,5.204627597632021,4.87603923403571,1.4062190406351138,0.0001220703125,7,4,10,0.0,0.0,8,857.2689971701355
404,5.204627405022415,4.875236347993115,1.406223935601668,0.001953125,7,4,10,0.0,0.0,10,297.94888542652996
405,5.196792747688357,5.681266770292299,1.408683175002609,0.001953125,7,4,10,0.0,0.0,10,3532.6049869231583
406,5.191058767762773,6.722764999674791,1.412553289776794,0.015625,7,4,10,0.0,0.0,10,7885694.6866476815
407,5.190810446564617,6.604829782844093,1.4127094611450601,0.0625,7,4,10,0.0,0.0,10,7187487.416431662
408,5.190545736778169,6.208265662628583,1.411659133241055,0.0625,7,4,10,0.0,0.0,3,911.926941663465
409,5.1900827643139245,5.779212363539528,1.4119638522924483,0.0625,7,4,10,0.0,0.0,10,341.86465341155474
410,5.186082788267788,5.350664792822974,1.4176509004651126,0.001953125,7,4,10,0.0,0.0,10,36799.1881950308
411,5.17192625144139,5.920529006782024,1.418593720316766,0.0078125,7,4,10,0.0,0.0,10,3162369.442420543
412,5.171386227869636,5.851481334082744,1.418790123911659,0.125,7,4,10,0.0,0.0,10,893.0988163655863
413,5.169722254410357,5.059223221621625,1.4174863059997105,0.001953125,7,4,10,0.0,0.0,10,4329.318947219982
414,5.16157239266101,5.916040010813397,1.420676193977387,0.03125,7,4,10,0.0,0.0,10,129676.74682503387
415,5.161437583965019,5.829995475933683,1.4201690634431114,0.001953125,7,4,10,0.0,0.0,10,1982191.563418182
416,5.156318104987339,6.98141462214376,1.42261544577845,0.0625,7,4,10,0.0,0.0,9,947.2476727235243
417,5.155900349193416,6.547270523197032,1.4222770154414255,0.03125,7,4,10,0.0,0.0,10,920.8158130115695
418,5.155736089341898,6.3403465639067775,1.4219275318106892,0.00390625,7,4,10,0.0,0.0,10,94781.32473549538
419,5.1556686196288695,6.332801814351891,1.421988644157007,0.125,7,4,10,0.0,0.0,10,895352.2863703334
420,5.155249945475882,5.531534123258341,1.4212442930940892,0.001953125,7,4,10,0.0,0.0,10,128657187.63566045
421,5.1490018325473965,6.585881398772654,1.425130539233751,0.001953125,7,4,10,0.0,0.0,1,927.8403660624994
422,5.146286075788334,7.983771043597661,1.4275588335186866,0.001953125,7,4,10,0.0,0.0,10,1218458.4093881259
423,5.146147352794308,7.999786328396441,1.4279185809824628,0.0625,7,4,10,0.0,0.0,10,963.8140253671407
424,5.146005208967946,7.507898106275901,1.4271712906662544,0.001953125,7,4,10,0.0,0.0,10,276.79076746866565
425,5.145739885107852,9.142886338987024,1.4313253813682627,0.0009765625,7,4,10,0.0,0.0,10,33105.641858379146
426,5.10665040181641,2.672289767453675,1.4323585289796519,0.0078125,7,4,10,0.0,0.0,10,27300.098066149883
427,5.0935870003689585,9.08811247601706,1.4464488222350325,0.125,7,4,10,0.0,0.0,10,260908.37674571955
428,5.093170650721244,7.960379258833865,1.4458191169599144,0.0009765625,7,4,10,0.0,0.0,10,25263525.089320425
429,5.062209690744571,2.852677736023184,1.446868173462076,0.0078125,7,4,10,0.0,0.0,7,401.6532504373315
430,5.061925514013021,2.7975619535061886,1.4463539379808112,0.0078125,7,4,10,0.0,0.0,10,1388.0970638271572
431,5.041506439709616,8.347185353294984,1.4602894915375482,0.0078125,7,4,10,0.0,0.0,10,51893.368260058676
432,5.04142868909266,8.3108079116664,1.45977695868913,0.015625,7,4,10,0.0,0.0,10,9075493.116092054
433,5.041221834728023,8.178219773663047,1.4594072544997858,0.0625,7,4,10,0.0,0.0,4,968.2753234851247
434,5.040633397880319,7.6387451192681795,1.459388091889352,0.125,7,4,10,0.0,0.0,10,6960.753989980518
435,5.039177435074848,6.678435206429873,1.4591249174043726,0.0625,7,4,10,0.0,0.0,10,6678269.835259478
436,5.039162440890465,6.302196436010963,1.4584990099645705,0.001953125,7,4,10,0.0,0.0,10,5992751.914591121
437,5.035773743596719,7.817925458704215,1.4606956619578209,0.125,7,4,10,0.0,0.0,2,979.9212511327814
438,5.03417858802059,6.808539908732731,1.459338514718884,0.125,7,4,10,0.0,0.0,10,11266.426883543925
439,5.033219598945609,5.929483158552574,1.4576907897552023,0.015625,7,4,10,0.0,0.0,10,1105025.9372375451
440,5.033021374321375,5.757936628393315,1.4583813653739122,0.0625,7,4,10,0.0,0.0,10,10549810.152248168
441,5.030963980900073,5.272405475598134,1.4581673867399796,0.001953125,7,4,10,0.0,0.0,2,906.1956702519642
442,5.024336420056543,6.423779520319171,1.4620827853936722,0.001953125,7,4,10,0.0,0.0,10,38447.195386589745
443,5.02259818498012,8.052547212036028,1.4646593757308326,0.0625,7,4,10,0.0,0.0,10,974664.0067317991
444,5.021851225510201,7.575740554101677,1.4648081091019245,0.015625,7,4,10,0.0,0.0,5,977.486152447981
445,5.021545089611328,7.4609761285415965,1.4649574182969713,0.015625,7,4,10,0.0,0.0,10,8400.040226927167
446,5.021228643361464,7.298080135734255,1.4642778578617723,0.0001220703125,7,4,10,0.0,0.0,10,189439.66890599165
447,5.021228595564559,7.297220576397442,1.4642743787915644,0.001953125,7,4,10,0.0,0.0,10,1843818.634098994
448,5.02113189935835,7.287285089842453,1.4641820877005909,0.015625,7,4,10,0.0,0.0,10,3467492.1860329974
449,5.020685700688761,7.228253785083152,1.4645544769778664,0.25,7,4,10,0.0,0.0,4,969.6926492412375
450,5.0170387701636425,5.602210019268403,1.467646763672993,0.015625,7,4,10,0.0,0.0,10,819.0021073214256
451,5.013136095613515,5.410612789079433,1.4660546171979574,0.125,7,4,10,0.0,0.0,10,13207.589677381036
452,5.012487261073164,4.930287382548782,1.4645261820002657,0.015625,7,4,10,0.0,0.0,10,214894.311659509
453,5.012244544779824,4.808489442768381,1.463789095993464,0.001953125,7,4,10,0.0,0.0,10,2821219.535876213
454,5.003569740799989,5.7670529799135215,1.4677146499248779,0.0009765625,7,4,10,0.0,0.0,10,13521287.997319296
455,5.003568294937852,5.7574310516285045,1.4677711613184905,0.001953125,7,4,10,0.0,0.0,1,921.9637237260879
456,4.999345533159946,7.180527652609417,1.4704322131616878,0.0625,7,4,10,0.0,0.0,10,7562.695683711657
457,4.998836057480725,6.627227209167876,1.4710984766420936,0.001953125,7,4,10,0.0,0.0,6,958.1102892654981
458,4.997093001755586,8.345036852506865,1.4749073678141382,0.03125,7,4,10,0.0,0.0,10,6618.535511421697
459,4.996947380894339,8.082658141256335,1.4749227734817587,0.015625,7,4,10,0.0,0.0,10,298053.1622792893
460,4.996146926303733,7.949764993289038,1.4745361722789467,0.125,7,4,10,0.0,0.0,10,16208058.907099657
461,4.995618640052144,6.972147509489755,1.4737064812506335,0.0009765625,7,4,10,0.0,0.0,2,967.1137031595366
462,4.971911911618846,2.700652368549709,1.4745674765959225,0.0078125,7,4,10,0.0,0.0,10,2117.523757643378
463,4.9544011303342135,8.655795830082495,1.4862168623168803,0.25,7,4,10,0.0,0.0,10,1099379.2107955415
464,4.950683555975473,6.440791255218577,1.4848226468665053,0.001953125,7,4,10,0.0,0.0,10,5470933.351519487
465,4.947477723174744,8.13464957667901,1.487356955204809,0.5,7,4,10,0.0,0.0,10,13218990.712400304
466,4.9424518422806685,4.4758721586769,1.4845590607979295,0.001953125,7,4,10,0.0,0.0,3,805.1074066119495
467,4.930488668352531,5.186919825995063,1.488323666732541,0.0625,7,4,10,0.0,0.0,10,5330885.436472831
468,4.930375417906101,4.815655995607593,1.4876824782764766,0.015625,7,4,10,0.0,0.0,10,35001911.17780861
469,4.929090417458665,4.745795115073097,1.4881278266619884,0.015625,7,4,10,0.0,0.0,7,885.1654806934295
470,4.928632071430431,4.661910802518711,1.4881105061744475,0.015625,7,4,10,0.0,0.0,10,1266.5166521006765
471,4.928577729897463,4.6376535799696805,1.4879923001385653,0.001953125,7,4,10,0.0,0.0,10,329440.4276273103
472,4.921310554377127,5.727703147652057,1.490787304212261,0.001953125,7,4,10,0.0,0.0,10,1901497.8204740505
473,4.918433193524846,7.315608568599606,1.494697528107788,0.03125,7,4,10,0.0,0.0,4,983.267610747325
474,4.918188676750697,7.108406756030753,1.494232419611748,0.0009765625,7,4,10,0.0,0.0,10,11174.375403884971
475,4.894258222364699,2.666033782978042,1.4955339569055428,0.0078125,7,4,10,0.0,0.0,10,457129.3125099591
476,4.884458596991532,9.647376681655535,1.5097905562901337,0.25,7,4,10,0.0,0.0,10,9005673.824957369
477,4.881125196797607,7.3009270934885135,1.5065947304759064,0.125,7,4,10,0.0,0.0,2,971.4086141312702
478,4.8768324106931855,6.414851940235494,1.504089239160983,0.001953125,7,4,10,0.0,0.0,10,1780.5567875205638
479,4.873344384853196,8.152576229973487,1.5073040663450545,0.0625,7,4,10,0.0,0.0,10,10143992.04088937
480,4.871372160870517,7.5313257069172534,1.5073800879428785,0.0009765625,7,4,10,0.0,0.0,6,997.8703560444292
481,4.844722126778365,2.8383365220467347,1.5096837253362583,0.0078125,7,4,10,0.0,0.0,10,11480.568349802445
482,4.843318709964858,10.871015160872764,1.5242818908982496,0.0009765625,7,4,10,0.0,0.0,10,1043.5058603410373
483,4.793114328277113,3.161531646167146,1.5263590814691976,0.00390625,7,4,10,0.0,0.0,10,572.0313060357745
484,4.791953459051722,7.954992238558188,1.5322877212558141,0.03125,7,4,10,0.0,0.0,10,23817.40904099546
485,4.791849596235991,7.687760581905634,1.5317714193745877,0.0625,7,4,10,0.0,0.0,10,158655.58132891805
486,4.791004366072438,7.182215348419667,1.5334587240038102,0.0009765625,7,4,10,0.0,0.0,10,2235510.255525096
487,4.766826870251025,2.863550711145185,1.535259865932651,0.00390625,7,4,10,0.0,0.0,6,507.5746680628231
488,4.751895022055995,5.522094254566206,1.540829022782447,0.001953125,7,4,10,0.0,0.0,10,4193.697758742003
489,4.750104660777945,7.350603909352581,1.544380181284475,0.0625,7,4,10,0.0,0.0,10,58212.586510497036
490,4.749829686321335,6.8911364276464875,1.544093627586388,0.0625,7,4,10,0.0,0.0,10,67339.38414450556
491,4.749466162837235,6.470537768642745,1.5429585402879247,0.0009765625,7,4,10,0.0,0.0,7,996.0618777582441
492,4.72964908902415,2.698126158215395,1.5442140635151895,0.0078125,7,4,10,0.0,0.0,10,3109.4197992020772
493,4.7267757761463605,10.60550228282728,1.5577289723204164,0.00390625,7,4,10,0.0,0.0,10,4006728.9549261876
494,4.7266854999157655,10.564024653568667,1.5579698155404489,0.5,7,4,10,0.0,0.0,10,4537071.16799634
495,4.710844253081075,5.19886582701482,1.5530317954170534,0.001953125,7,4,10,0.0,0.0,3,926.2888605141393
496,4.704277380077788,6.704529438864552,1.5554284653500132,0.25,7,4,10,0.0,0.0,10,53521.217359548216
497,4.697376848367197,4.54893114921323,1.5537874089388082,0.001953125,7,4,10,0.0,0.0,10,193066.9199939
498,4.685087181324947,5.459693180981772,1.5583958879178268,0.001953125,7,4,10,0.0,0.0,10,51822905.223626174
499,4.680796902805864,7.206465879390144,1.5618405890452949,0.03125,7,4,10,0.0,0.0,1,1027.818016216507
