k,f,grad_norm,alpha
0,0.0,32.048512665192554,1.0
1,-0.5798529366227371,31.56425030954025,1.0
2,-1.0182660742924,30.94840019783647,1.0
3,-1.4940170936843131,30.60125458215985,1.0
4,-2.0214749003693653,29.949697595157087,1.0
5,-2.4243253452510927,29.60601786815535,1.0
6,-2.9459952063095494,28.949959693708916,1.0
7,-3.255242715338154,28.584519598849,1.0
8,-3.679271736885236,28.06093435421082,1.0
9,-4.021947127851504,27.543219463215532,1.0
10,-4.372605405432449,27.143894222784027,1.0
11,-4.660704001208033,27.007492533079727,1.0
12,-4.959700124693678,26.645012844945757,1.0
13,-5.208765545603187,26.53000544215238,1.0
14,-5.550638916506394,26.060273092666193,1.0
15,-5.98741153352617,25.37875561814927,1.0
16,-6.306256639713481,24.818630848840115,1.0
17,-6.633452881990509,24.42698260851771,1.0
18,-7.080388130177362,23.704872093945383,1.0
19,-7.326969123873717,23.43921398914868,1.0
20,-7.540458609628096,23.213695924892754,1.0
21,-7.793148043820066,22.79033224958289,1.0
22,-8.066801271027224,22.411662531206993,1.0
23,-8.406714458705476,21.8560686501081,1.0
24,-8.609552078466695,21.440584182369477,1.0
25,-8.850246392520546,21.18962535860593,1.0
26,-9.014062598449083,20.975158024725015,1.0
27,-9.254689927472771,20.67498844564624,1.0
28,-9.50543798975592,20.357693322507007,1.0
29,-9.663717548140644,20.16597927907877,1.0
30,-9.876574108153987,20.07678050733967,1.0
31,-10.095997801224451,19.68761979822096,1.0
32,-10.290333757085621,19.375232142234427,1.0
33,-10.529168211495428,19.06083797340101,1.0
34,-10.651828366509033,18.8623977805988,1.0
35,-10.824404774744979,18.617900306382765,1.0
36,-10.951041778733222,18.364960920021808,1.0
37,-11.088934354625195,18.20303001519008,1.0
38,-11.315903230903864,17.78301460891097,1.0
39,-11.514680098462827,17.252206227957668,1.0
40,-11.639332023278122,17.10100719687422,1.0
41,-11.780418167999752,16.849820426761667,1.0
42,-11.986208438523576,16.719561498043923,1.0
43,-12.178049710333356,16.411485216185525,1.0
44,-12.324208094017365,16.340894909461426,1.0
45,-12.456257821222698,16.340556255873164,1.0
46,-12.608408363441075,16.209514437211137,1.0
47,-12.731694835969163,16.08676894958847,1.0
48,-12.88428962424132,15.921298414160674,1.0
49,-13.069476465741275,15.740827301793905,1.0
50,-13.166196395535419,15.577974853797032,1.0
51,-13.265754980798036,15.421803962959496,1.0
52,-13.423883028762772,15.037840302180744,1.0
53,-13.546948571843156,14.853916051518587,1.0
54,-13.666036190646155,14.808467654076717,1.0
55,-13.771793213126607,14.635396064688486,1.0
56,-13.839113031676018,14.602172695024986,1.0
57,-13.969180866954106,14.420939370632635,1.0
58,-14.07812552812348,14.195525009751348,1.0
59,-14.20165832258023,14.13195253821989,1.0
60,-14.275931097301498,14.042629891758233,1.0
61,-14.36521978225359,13.902290487237718,1.0
62,-14.488474494526066,13.826140365408783,1.0
63,-14.60198606815905,13.66386642257981,1.0
64,-14.718292486355564,13.455830533009753,1.0
65,-14.775525141664437,13.385577109665666,1.0
66,-14.856505776044369,13.306582103111436,1.0
67,-14.932348761033575,13.073127833621891,1.0
68,-14.99197944795004,12.889934184789762,1.0
69,-15.09578687047941,12.764723236186567,1.0
70,-15.17674838438515,12.770598506292218,1.0
71,-15.280811460152666,12.521666038347778,1.0
72,-15.36435299629852,12.375046894676117,1.0
73,-15.422745111351931,12.352968933105085,1.0
74,-15.502648051603499,12.286230786571437,1.0
75,-15.59280574177207,12.173886080504264,1.0
76,-15.685183623276231,12.081370240049985,1.0
77,-15.764466568038516,12.033500581736577,1.0
78,-15.844699164383275,11.88488299109662,1.0
79,-15.902041098129303,11.82469656737515,1.0
80,-15.984426115856678,11.660730731189435,1.0
81,-16.072210715916484,11.57324165796749,1.0
82,-16.15130822777187,11.466532547561526,1.0
83,-16.20044957210132,11.356888067002608,1.0
84,-16.277952440341416,11.157538226916994,1.0
85,-16.342681799805774,11.112492927150356,1.0
86,-16.401342454472143,11.07498829388246,1.0
87,-16.470852993134365,11.029554353270598,1.0
88,-16.563513567008194,10.842891562991639,1.0
89,-16.62298591156924,10.712874926388382,1.0
90,-16.68221947465311,10.681176437095761,1.0
91,-16.751260986412916,10.477035759726782,1.0
92,-16.7966477698777,10.398623201884348,1.0
93,-16.841193112792446,10.259841835278527,1.0
94,-16.905648379277192,10.183938547923798,1.0
95,-16.961217306612568,10.079047162779046,1.0
96,-17.001182794002034,10.035972807299162,1.0
97,-17.035012229607872,9.963542694382447,1.0
98,-17.07443530552707,9.967523026233737,1.0
99,-17.122323741078915,9.913693461064348,1.0
100,-17.164895236887766,9.843968816350475,1.0
101,-17.227220691395438,9.7619547595128,1.0
102,-17.27537521919072,9.708574024365946,1.0
103,-17.32852688988048,9.528215517440396,1.0
104,-17.375103729277015,9.4558927226672,1.0
105,-17.443081713192903,9.350373370594346,1.0
106,-17.470609258269413,9.278724070185678,1.0
107,-17.537164855111882,9.28467008361763,1.0
108,-17.592997578653943,9.274090038743894,1.0
109,-17.63463357465416,9.231601341850519,1.0
110,-17.670520840718353,9.136981364456807,1.0
111,-17.705302255937724,9.147351990500125,1.0
112,-17.741572129123462,9.080825061592089,1.0
113,-17.772329368475887,9.091187785745689,1.0
114,-17.814612546532576,9.014086677466638,1.0
115,-17.846787823772665,8.977101163639189,1.0
116,-17.877457614808804,8.956524230978541,1.0
117,-17.927164483523832,8.886187101877123,1.0
118,-17.979607608650756,8.930321138158831,1.0
119,-18.013804891217205,8.814477460604321,1.0
120,-18.044906510349126,8.767003120657987,1.0
121,-18.104112328113196,8.634570244658981,1.0
122,-18.14467807912149,8.675758335586785,1.0
123,-18.185122681155555,8.630989089314749,1.0
124,-18.212357047356996,8.619191187671621,1.0
125,-18.264605016897242,8.581821569066348,1.0
126,-18.293906478542425,8.553069324672753,1.0
127,-18.328001365873483,8.509183618376886,1.0
128,-18.366012310548797,8.473340854231417,1.0
129,-18.396687861500048,8.387855759737175,1.0
130,-18.425931065347577,8.404881237921215,1.0
131,-18.46310119281833,8.424667730160726,1.0
132,-18.489894511740772,8.319898207120604,1.0
133,-18.518199591206027,8.319949904543586,1.0
134,-18.549759570690036,8.321338805546842,1.0
135,-18.579811829986774,8.297384108543142,1.0
136,-18.61669285214745,8.234626290364963,1.0
137,-18.64683049848996,8.176798826555789,1.0
138,-18.67240253657338,8.177842728735502,1.0
139,-18.71849313103568,8.084688118132952,1.0
140,-18.76093199975827,8.088838311666322,1.0
141,-18.796887336438708,8.057146118699759,1.0
142,-18.842254694578585,7.990450278307997,1.0
143,-18.866752734610117,7.942247266913328,1.0
144,-18.8951079471123,7.896389468870666,1.0
145,-18.92355530212553,7.876666930503274,1.0
146,-18.96442219484348,7.8124538434096396,1.0
147,-18.980452925031315,7.790605908722224,1.0
148,-19.001008934709372,7.712683233924734,1.0
149,-19.032453050883525,7.63286127811416,1.0
150,-19.05935922730812,7.573015980613545,1.0
151,-19.0908881700269,7.5330505301504385,1.0
152,-19.12306828073975,7.460081653528654,1.0
153,-19.151279813528575,7.37120958572605,1.0
154,-19.173266861146715,7.308943877509509,1.0
155,-19.205589880364954,7.294780552080507,1.0
156,-19.228529846437283,7.275301733634894,1.0
157,-19.26135571354513,7.2416062875352365,1.0
158,-19.28776983784729,7.188605932961019,1.0
159,-19.307636681562713,7.1548912466254135,1.0
160,-19.330440532078804,7.10057030562683,1.0
161,-19.35820809671835,7.0745543047998956,1.0
162,-19.38214881926794,7.107097897489062,1.0
163,-19.405780294127176,7.097617471520072,1.0
164,-19.443316509432854,7.029326781831215,1.0
165,-19.470383424270484,7.006253431949647,1.0
166,-19.497387766563524,6.879360084062637,1.0
167,-19.518380511871378,6.850228118162917,1.0
168,-19.54377873293963,6.844655246502967,1.0
169,-19.57353704680451,6.799934103851117,1.0
170,-19.59781285643853,6.701483882543709,1.0
171,-19.621041437303397,6.65356275237739,1.0
172,-19.645878236219367,6.6339881820377,1.0
173,-19.66304180537596,6.619271835564253,1.0
174,-19.679058655365633,6.629595029265757,1.0
175,-19.707676261058914,6.6333245929089575,1.0
176,-19.734460351893944,6.523623863214157,1.0
177,-19.764588998478434,6.508521640769837,1.0
178,-19.79367985683977,6.4757273996564955,1.0
179,-19.81299050886887,6.4916616634753606,1.0
180,-19.836748320979012,6.501431492479852,1.0
181,-19.858054504104288,6.552557059185363,1.0
182,-19.878058154703133,6.517466202032844,1.0
183,-19.893515917332525,6.472031070804424,1.0
184,-19.914774002535367,6.433455437504627,1.0
185,-19.932065792091606,6.3555587682348005,1.0
186,-19.950663857820224,6.367009272221027,1.0
187,-19.967436479302105,6.373575997416641,1.0
188,-19.986685014629884,6.400286379055367,1.0
189,-20.01185347121222,6.369930361962846,1.0
190,-20.031349665994636,6.329983402147355,1.0
191,-20.05867038928112,6.3077938929382675,1.0
192,-20.077628473118004,6.266768589815783,1.0
193,-20.10213286564833,6.2588907464691115,1.0
194,-20.128641249019083,6.265118284678503,1.0
195,-20.149646652572883,6.179309663567243,1.0
196,-20.165650227791502,6.139037729216414,1.0
197,-20.1878528014149,6.122406583220431,1.0
198,-20.206195503361062,6.143205030805296,1.0
199,-20.23056055352682,6.069928101767739,1.0
200,-20.247007532018245,6.037164491021209,1.0
201,-20.26256952325926,5.937644749757051,1.0
202,-20.279855687011967,5.919956662181234,1.0
203,-20.292674501469442,5.940180138487764,1.0
204,-20.31204547695836,5.8693551437019,1.0
205,-20.32783376903759,5.891118140804419,1.0
206,-20.346673474752453,5.8974026078823245,1.0
207,-20.362278695182344,5.880395915230792,1.0
208,-20.375458732285033,5.893780311768864,1.0
209,-20.39339221126608,5.869099082911678,1.0
210,-20.406896667354523,5.836049391228907,1.0
211,-20.421159510806184,5.854984582119504,1.0
212,-20.4342551171724,5.824206768589863,1.0
213,-20.45016458297058,5.818394757733811,1.0
214,-20.468403289819545,5.846943236452623,1.0
215,-20.485014060779676,5.805896627186672,1.0
216,-20.50504619850892,5.751620319819244,1.0
217,-20.524128659588712,5.691725407925939,1.0
218,-20.545456723536113,5.665561690317789,1.0
219,-20.56350664795434,5.669651640800847,1.0
220,-20.58181884448048,5.6205296478184765,1.0
221,-20.601576713657266,5.583600422726823,1.0
222,-20.61524265903619,5.574866807802193,1.0
223,-20.63696647534575,5.595892307695052,1.0
224,-20.654246320267784,5.619503174917428,1.0
225,-20.67392687892407,5.542600198108916,1.0
226,-20.684941278524903,5.53682949542867,1.0
227,-20.697639837433705,5.516001927219054,1.0
228,-20.71412636095665,5.5919200104216875,1.0
229,-20.728819646967825,5.569797425751893,1.0
230,-20.746335540259913,5.515350750084746,1.0
231,-20.765859457164503,5.497396965454577,1.0
232,-20.78309284104032,5.479776806255926,1.0
233,-20.796622234849686,5.506901027524301,1.0
234,-20.811510520096896,5.518504631324449,1.0
235,-20.828416742912093,5.523084323961177,1.0
236,-20.839286513728148,5.530149921415152,1.0
237,-20.85378719919831,5.527723029235505,1.0
238,-20.873882896668942,5.484126156715763,1.0
239,-20.89290556966869,5.498116777025456,1.0
240,-20.90808854087459,5.440133799249136,1.0
241,-20.921791102036916,5.433729149786052,1.0
242,-20.93909704187006,5.374212275961555,1.0
243,-20.95067898938897,5.387211252872787,1.0
244,-20.964178880054135,5.406376903281568,1.0
245,-20.97955194110582,5.383432837680438,1.0
246,-20.996531312396296,5.367388130954994,1.0
247,-21.009913106029316,5.35078183882743,1.0
248,-21.02253701754597,5.376491930789196,1.0
249,-21.034996465423795,5.40864173523543,1.0
250,-21.049292435018486,5.337061176965837,1.0
251,-21.061105430004602,5.301405218153874,1.0
252,-21.07487006806176,5.2853375163751295,1.0
253,-21.087550097699687,5.302418067216518,1.0
254,-21.100556171761532,5.245486320928198,1.0
255,-21.108684461476848,5.247213245903115,1.0
256,-21.126751471307585,5.167383535451138,1.0
257,-21.139372289974702,5.128989804173738,1.0
258,-21.154243003020902,5.083189230421903,1.0
259,-21.1669834830691,5.052305372285177,1.0
260,-21.18092876761366,5.036397393065817,1.0
261,-21.199682400834405,5.014983479043411,1.0
262,-21.214341771024984,4.984118701867191,1.0
263,-21.228794674150766,4.964631202644337,1.0
264,-21.240628496414036,4.9315230173855875,1.0
265,-21.253028390168204,4.9106148986101195,1.0
266,-21.26813380191853,4.872652097797691,1.0
267,-21.279190236284265,4.878136013715786,1.0
268,-21.292627649384336,4.87142678652979,1.0
269,-21.30412766394239,4.819582682943974,1.0
270,-21.317258645716908,4.8602832671120195,1.0
271,-21.330275985187004,4.881674651795328,1.0
272,-21.341452835677703,4.898112392262599,1.0
273,-21.351081237459425,4.8996672804174795,1.0
274,-21.359592643378978,4.874579701380962,1.0
275,-21.375306568304715,4.856869437089219,1.0
276,-21.3907449433916,4.85959001192438,1.0
277,-21.401530525561768,4.829836485007577,1.0
278,-21.414063428831096,4.804001887219054,1.0
279,-21.424451327502258,4.7377609949781405,1.0
280,-21.43570869463804,4.761355266721814,1.0
281,-21.44295078876603,4.759806448507708,1.0
282,-21.454762476442543,4.728262681638289,1.0
283,-21.467080285340245,4.692419216944181,1.0
284,-21.480552137932467,4.692137641121829,1.0
285,-21.49224504083733,4.65578418657925,1.0
286,-21.5009120850816,4.657641259896334,1.0
287,-21.50898685913024,4.625196911577736,1.0
288,-21.518285500833482,4.620833760090569,1.0
289,-21.52799162357144,4.630019000723784,1.0
290,-21.53805179550442,4.570122034984269,1.0
291,-21.547440972380926,4.572169170198431,1.0
292,-21.55774999910225,4.542206012347951,1.0
293,-21.565358036877647,4.526062059097957,1.0
294,-21.57682856813496,4.553300938284357,1.0
295,-21.58352329217547,4.540204777447878,1.0
296,-21.596454402816207,4.509838278436057,1.0
297,-21.60637145186328,4.525477038463683,1.0
298,-21.619975181976294,4.513869012387806,1.0
299,-21.630023603483995,4.524836952382949,1.0
300,-21.642984764816966,4.517326037141824,1.0
301,-21.650391887862142,4.529154096365808,1.0
302,-21.661358192434943,4.527217874406823,1.0
303,-21.668891734905035,4.508946534726431,1.0
304,-21.67552385245371,4.481726517312215,1.0
305,-21.683913378504265,4.462070763072965,1.0
306,-21.696175075597914,4.449951139326456,1.0
307,-21.706023196881095,4.432276614799983,1.0
308,-21.719203806713526,4.424354351101632,1.0
309,-21.72532899303521,4.424080127386738,1.0
310,-21.735693249551062,4.396985736850126,1.0
311,-21.746183537705917,4.366455457318215,1.0
312,-21.757143753534216,4.400521215487308,1.0
313,-21.7648083349294,4.394153703242955,1.0
314,-21.77290820983482,4.406802490166244,1.0
315,-21.784808492588823,4.338919250275576,1.0
316,-21.794068619021274,4.301940060470415,1.0
317,-21.804196165895092,4.304499776405321,1.0
318,-21.814059273648553,4.291739924834343,1.0
319,-21.822639047192272,4.289453188534448,1.0
320,-21.83048658258153,4.265203380636869,1.0
321,-21.841820200671652,4.2755862341096975,1.0
322,-21.85077305303033,4.307395171744887,1.0
323,-21.858730118327223,4.279785172666847,1.0
324,-21.868781729665926,4.2530679221088015,1.0
325,-21.87810362525132,4.259277177566355,1.0
326,-21.886903948937427,4.25108492261713,1.0
327,-21.89619556163737,4.250573289027769,1.0
328,-21.9031527939981,4.2134538926887135,1.0
329,-21.911125010165726,4.20696387793798,1.0
330,-21.918540439084584,4.193177477941305,1.0
331,-21.9262110466605,4.191027895374534,1.0
332,-21.936328153871006,4.165097128810269,1.0
333,-21.943439636852993,4.191026665086167,1.0
334,-21.952550807426235,4.170675599918314,1.0
335,-21.961719458181364,4.1540833118582565,1.0
336,-21.973764307580876,4.1610363790762515,1.0
337,-21.980111303944142,4.157328636414922,1.0
338,-21.987813027961394,4.128673529134949,1.0
339,-21.995713844104344,4.1184541589942985,1.0
340,-22.006339684438437,4.141557345461993,1.0
341,-22.014537085969582,4.159200297708888,1.0
342,-22.026782973093795,4.172999597682094,1.0
343,-22.035038314516072,4.167994351349726,1.0
344,-22.045564838000903,4.121194933030055,1.0
345,-22.05092948813656,4.110675533764584,1.0
346,-22.057417763981686,4.08153395364952,1.0
347,-22.066825340750196,4.076699835788633,1.0
348,-22.07788243683877,4.0424087919622105,1.0
349,-22.086184619341847,4.044078708429876,1.0
350,-22.09638765884323,4.024973931181208,1.0
351,-22.104299221188274,3.98981116689429,1.0
352,-22.109385893226374,3.9923501324104618,1.0
353,-22.1138634357941,3.9826564061942458,1.0
354,-22.12071451399487,3.9303878113132336,1.0
355,-22.127218357833033,3.904462078811971,1.0
356,-22.137189507830303,3.8930425306603214,1.0
357,-22.146402839751737,3.9145094195712944,1.0
358,-22.155663555591158,3.9200157943749283,1.0
359,-22.163715165151192,3.8899283652144816,1.0
360,-22.172638445671,3.904135908989216,1.0
361,-22.181348224622287,3.9027975105708737,1.0
362,-22.18782229971506,3.8982718086882695,1.0
363,-22.194132676726674,3.8837474888822574,1.0
364,-22.20183108944563,3.9044674563653254,1.0
365,-22.211667885609508,3.9156067476540137,1.0
366,-22.21764107045113,3.9369443794133803,1.0
367,-22.22450076473758,3.903792577514102,1.0
368,-22.2331678359581,3.8946705480797323,1.0
369,-22.24062315608092,3.8714138556740187,1.0
370,-22.249340839364628,3.8679808509796803,1.0
371,-22.258806982842614,3.8095750652102556,1.0
372,-22.263738097340713,3.787918586225851,1.0
373,-22.269990203780644,3.7753810695527106,1.0
374,-22.27595969246729,3.754614004480068,1.0
375,-22.28409124276848,3.7485034181056127,1.0
376,-22.289733339278367,3.718030040311718,1.0
377,-22.299697392018835,3.708173949928223,1.0
378,-22.3051598632197,3.689002332493164,1.0
379,-22.312269867266888,3.6882925004510665,1.0
380,-22.318054239305262,3.679958937282747,1.0
381,-22.32949946363637,3.6975992824702866,1.0
382,-22.33590287431263,3.6977537221532426,1.0
383,-22.341703581562633,3.6827227849909483,1.0
384,-22.347135608386992,3.6667736471289545,1.0
385,-22.35458537430187,3.691019149029515,1.0
386,-22.3652298245703,3.687042747285594,1.0
387,-22.373742978029103,3.6851502833885004,1.0
388,-22.380191706620476,3.690553620162641,1.0
389,-22.384599407982012,3.689933444805225,1.0
390,-22.39312710225161,3.6790821227309576,1.0
391,-22.400199512683187,3.6404960595915226,1.0
392,-22.405441351622855,3.6456256827762408,1.0
393,-22.413098174721668,3.6249663886203503,1.0
394,-22.419912270692294,3.6193129387882257,1.0
395,-22.42715114588939,3.614403586192005,1.0
396,-22.432663321046444,3.6187218681608155,1.0
397,-22.439337147946475,3.617961966546463,1.0
398,-22.44692999521697,3.591914256606896,1.0
399,-22.45471513605973,3.5825045401374696,1.0
400,-22.459696633835353,3.577366854911661,1.0
401,-22.465938973513317,3.545820844002964,1.0
402,-22.471567851461742,3.5422751194742883,1.0
403,-22.478428384396338,3.5541335261389846,1.0
404,-22.485554105852582,3.4782781657467354,1.0
405,-22.492511473813728,3.4947713889753564,1.0
406,-22.496406539303926,3.481398743885426,1.0
407,-22.502865952008527,3.4593680110297433,1.0
408,-22.510088045721155,3.4532807378144845,1.0
409,-22.514566997538253,3.471266946044653,1.0
410,-22.5200260949256,3.439137394793618,1.0
411,-22.526416372079765,3.4345982729853315,1.0
412,-22.5317707758712,3.4283248760875544,1.0
413,-22.5377505295091,3.395701352877903,1.0
414,-22.54366686307456,3.3918196879835283,1.0
415,-22.548226146336194,3.3695955598693486,1.0
416,-22.555470499435632,3.334523456864691,1.0
417,-22.561940967815136,3.3543570343491838,1.0
418,-22.568312590432093,3.3428101680607547,1.0
419,-22.57423424859617,3.329522084474845,1.0
420,-22.580261897523457,3.29736248353418,1.0
421,-22.584824220685316,3.314418721070331,1.0
422,-22.590487204278848,3.2968801223833006,1.0
423,-22.59610432711821,3.2950378712097104,1.0
424,-22.600785231825956,3.287658117937147,1.0
425,-22.605936115350936,3.288056943025078,1.0
426,-22.610419605075332,3.290468491996734,1.0
427,-22.616228147713162,3.2695400767136897,1.0
428,-22.622957298952976,3.248338359457716,1.0
429,-22.626331564158463,3.2578739336522466,1.0
430,-22.63106197075264,3.2697756015746147,1.0
431,-22.635572680143298,3.2505315342894967,1.0
432,-22.639439016714082,3.23690374763625,1.0
433,-22.64515725504542,3.2700440946081746,1.0
434,-22.65120710239224,3.228113987412496,1.0
435,-22.657267963957516,3.2056933237727354,1.0
436,-22.66217036501151,3.2099250684388116,1.0
437,-22.668950979985848,3.177961322560973,1.0
438,-22.672889329335103,3.186420725143526,1.0
439,-22.676283431298465,3.193234658596905,1.0
440,-22.68294820326736,3.2017569369680485,1.0
441,-22.68871434832905,3.1826360200157806,1.0
442,-22.692670521383157,3.1949396818956215,1.0
443,-22.699073583884555,3.2246872849277715,1.0
444,-22.705111561397263,3.2261110905468806,1.0
445,-22.708909515215066,3.203375659413076,1.0
446,-22.712918866648984,3.2138378218288737,1.0
447,-22.717805919866105,3.2016531104154446,1.0
448,-22.723037681053185,3.1849104595223503,1.0
449,-22.72882126913024,3.1736161312246014,1.0
450,-22.734329660200522,3.16971147074882,1.0
451,-22.74071190204405,3.155181987561924,1.0
452,-22.746359323040554,3.153501946607837,1.0
453,-22.753342831967657,3.146787577310209,1.0
454,-22.757922887339095,3.14820937516847,1.0
455,-22.762463533473717,3.13820403941102,1.0
456,-22.766756672284693,3.1442611183177855,1.0
457,-22.771935616744866,3.1537395910631147,1.0
458,-22.777268744255014,3.1566019982142777,1.0
459,-22.78256278058923,3.1631855728154656,1.0
460,-22.788757649352675,3.17103643588754,1.0
461,-22.794614780385487,3.165788322089261,1.0
462,-22.802031065343826,3.144285236029646,1.0
463,-22.8061349266074,3.135729001612881,1.0
464,-22.810576932726,3.119757486991735,1.0
465,-22.81463147961173,3.121134385733788,1.0
466,-22.819738863123817,3.126557612334672,1.0
467,-22.824824123114908,3.112677572011951,1.0
468,-22.82944242206434,3.0903666275422523,1.0
469,-22.83626872378003,3.065807374808065,1.0
470,-22.842420852257412,3.066581742358841,1.0
471,-22.84667591892821,3.0771403163598974,1.0
472,-22.851748562184202,3.0874498221357323,1.0
473,-22.856568993824396,3.0863779717264332,1.0
474,-22.860562654512936,3.0718357932656444,1.0
475,-22.86829771718704,3.061132525686084,1.0
476,-22.872105817359184,3.055293507339206,1.0
477,-22.875735741596102,3.040958425445101,1.0
478,-22.881221282474975,3.019343869966084,1.0
479,-22.885711866729068,3.0322747557187366,1.0
480,-22.891728584742136,3.034808005344091,1.0
481,-22.895600549467705,3.02184318869167,1.0
482,-22.897829737034648,2.992455994236245,1.0
483,-22.90200895319442,2.9784906404244254,1.0
484,-22.907662246823914,2.949878637192762,1.0
485,-22.91326721317176,2.942286303998805,1.0
486,-22.91585386064051,2.9406631736657243,1.0
487,-22.919650901730133,2.9417442679186774,1.0
488,-22.92595993958827,2.927392614061541,1.0
489,-22.930788975677256,2.9214471209097304,1.0
490,-22.935370458827666,2.936739771190319,1.0
491,-22.940592350174185,2.935538546951908,1.0
492,-22.944769347761955,2.9416928984312367,1.0
493,-22.949556778138916,2.919315697658941,1.0
494,-22.955306251862485,2.91892750530332,1.0
495,-22.960873077722507,2.9341977094825014,1.0
496,-22.96499387631556,2.927846483474676,1.0
497,-22.96896960601594,2.9096422739348506,1.0
498,-22.97274951465078,2.8839128318789795,1.0
499,-22.976450122653734,2.896585412073559,1.0
500,-22.979214234544774,2.8808727532259266,1.0
501,-22.984440231827065,2.880425076987417,1.0
502,-22.989559571992682,2.901854913423271,1.0
503,-22.99482371957092,2.914989121176706,1.0
504,-23.0004099852605,2.915746174279076,1.0
505,-23.004060004146172,2.899476734464886,1.0
506,-23.008546555026992,2.8993912353065268,1.0
507,-23.013346726687818,2.8779874488624286,1.0
508,-23.018091335280474,2.881568190120183,1.0
509,-23.021760997896266,2.864123288496248,1.0
510,-23.025147309851544,2.843498803187584,1.0
511,-23.028276117270646,2.8276276570677523,1.0
512,-23.032022917254167,2.8183170701462643,1.0
513,-23.0372661396368,2.8341396963361785,1.0
514,-23.041573898575173,2.8018823430956967,1.0
515,-23.04548493839074,2.8150563463523484,1.0
516,-23.051012857508464,2.7922358093992323,1.0
517,-23.05333474934858,2.794488750405844,1.0
518,-23.057006770250347,2.7743147589265127,1.0
519,-23.061908087899862,2.7894833105331194,1.0
520,-23.065761054355455,2.7900925329213875,1.0
521,-23.0709504778815,2.771002480130113,1.0
522,-23.07422148190678,2.7619474697170308,1.0
523,-23.077055146994844,2.747853077507123,1.0
524,-23.079537162163412,2.7425450122799853,1.0
525,-23.083182631043147,2.7397411720607474,1.0
526,-23.087570782128008,2.730556890024011,1.0
527,-23.0914644174026,2.7124569085671206,1.0
528,-23.095429479219355,2.7020262425518586,1.0
529,-23.099059559117382,2.6786076972272985,1.0
530,-23.102288580665274,2.674990863683936,1.0
531,-23.10544650969943,2.661660381177903,1.0
532,-23.109069019637378,2.682860851032423,1.0
533,-23.113340356799537,2.6983573813724866,1.0
534,-23.117707267095675,2.7080109933191183,1.0
535,-23.12234264114032,2.733256371528437,1.0
536,-23.126353408431928,2.7324689945931997,1.0
537,-23.13119747437802,2.7273453907709313,1.0
538,-23.135649677098836,2.6919032608351134,1.0
539,-23.139894223899223,2.6481724835178846,1.0
540,-23.143371263309717,2.635394352353236,1.0
541,-23.147056319973906,2.651266377390957,1.0
542,-23.150269334972048,2.6450044361008502,1.0
543,-23.155211613003456,2.612855071535841,1.0
544,-23.158569367942036,2.6276166146986477,1.0
545,-23.16191993669381,2.61619750955399,1.0
546,-23.165552309687143,2.6000305492367786,1.0
547,-23.16971706518489,2.6066262252676773,1.0
548,-23.173880098023737,2.583761105903644,1.0
549,-23.177530242470812,2.55157878484205,1.0
550,-23.18139157516725,2.556689449274013,1.0
551,-23.184666795767566,2.5690964723235656,1.0
552,-23.188657987615112,2.5955853076095154,1.0
553,-23.191338411530637,2.601404083658107,1.0
554,-23.193520466992105,2.6046842417527336,1.0
555,-23.196607288260108,2.5928764295502797,1.0
556,-23.200384600966526,2.581484543037954,1.0
557,-23.203620715197996,2.593701375334333,1.0
558,-23.20766321979401,2.6126566653902845,1.0
559,-23.210673178085237,2.5951685173237506,1.0
560,-23.213720377558083,2.599681112822106,1.0
561,-23.21651740820943,2.610180675577481,1.0
562,-23.22022274715331,2.5821562117559695,1.0
563,-23.22451412374558,2.5808413149669254,1.0
564,-23.22852542735463,2.5654222618513467,1.0
565,-23.232710853640654,2.568946480405798,1.0
566,-23.236964774222045,2.5856200095314814,1.0
567,-23.240852256203553,2.593968926692738,1.0
568,-23.245055702058572,2.5730637352616843,1.0
569,-23.247510838679887,2.556054303510194,1.0
570,-23.250783826725606,2.534605677048632,1.0
571,-23.254409858857958,2.5193685484208124,1.0
572,-23.25721007841033,2.5275054531769525,1.0
573,-23.25970949857675,2.533567323346869,1.0
574,-23.263771191536453,2.529898096394682,1.0
575,-23.26730483989835,2.5278221959878104,1.0
576,-23.270464181304156,2.5112462900291854,1.0
577,-23.274483495095367,2.4819982168709465,1.0
578,-23.277567007331015,2.4587003833070615,1.0
579,-23.280367016697703,2.45279319416178,1.0
580,-23.283384148412736,2.436811471819764,1.0
581,-23.286767993877174,2.4538774280062174,1.0
582,-23.290528249730638,2.4500416751504757,1.0
583,-23.293174545664716,2.436549955782102,1.0
584,-23.29648721813486,2.4347024304083846,1.0
585,-23.299942060461177,2.411200457176077,1.0
586,-23.303958791146503,2.4265491329380637,1.0
587,-23.30702161770319,2.4108946812285943,1.0
588,-23.309829155816853,2.4351959032681196,1.0
589,-23.312836533863305,2.428473788309479,1.0
590,-23.31737638664601,2.4077646792677374,1.0
591,-23.320420560001864,2.4059905880783936,1.0
592,-23.324648981951484,2.4078806511421673,1.0
593,-23.32729262603332,2.4088450773982237,1.0
594,-23.330514299443365,2.4144598438314473,1.0
595,-23.33375837947711,2.4317312237574886,1.0
596,-23.335366164789093,2.4230642611248427,1.0
597,-23.338187557498312,2.4098936627406062,1.0
598,-23.340697140638728,2.4105151352722594,1.0
599,-23.343220044227,2.3865688974902146,1.0
600,-23.347363004725757,2.372045075850106,1.0
601,-23.350806771531133,2.35420452211314,1.0
602,-23.35418975645446,2.3639459533883675,1.0
603,-23.35688239956374,2.3692298915605527,1.0
604,-23.35966928652438,2.3591122696395495,1.0
605,-23.361964865182625,2.3652215250086077,1.0
606,-23.364859408932748,2.337725766693929,1.0
607,-23.367391597781044,2.320965480698763,1.0
608,-23.37019266763929,2.3054807121815144,1.0
609,-23.37278871258995,2.29786070368807,1.0
610,-23.375530512699967,2.2923650721591673,1.0
611,-23.377646981604883,2.2725700567844482,1.0
612,-23.38038275302173,2.262982052933001,1.0
613,-23.38342901339468,2.2427643488170865,1.0
614,-23.38651363564583,2.2153583645707036,1.0
615,-23.388561736665373,2.231207691762936,1.0
616,-23.3908833848903,2.2421798553195327,1.0
617,-23.39344762622992,2.2624988042418597,1.0
618,-23.395168076677717,2.253387383894832,1.0
619,-23.39785248751629,2.251707184548946,1.0
620,-23.400599172048572,2.2535240130679512,1.0
621,-23.40329152423274,2.254752040874785,1.0
622,-23.405749644622286,2.2404046848608896,1.0
623,-23.40857617651135,2.2162429357576143,1.0
624,-23.41217199632326,2.2192501221581167,1.0
625,-23.414912233415418,2.234104655595254,1.0
626,-23.41792659862465,2.2281575618842853,1.0
627,-23.421045809965754,2.2180413359184272,1.0
628,-23.423221150457557,2.201452519570114,1.0
629,-23.42557703707854,2.2140158279481983,1.0
630,-23.42805706752545,2.220586177173831,1.0
631,-23.43055910574117,2.2054155750575397,1.0
632,-23.43250836046797,2.21952037030399,1.0
633,-23.435621032158117,2.2290183912817807,1.0
634,-23.43831834564409,2.2228260512435307,1.0
635,-23.441090655789257,2.205069468647716,1.0
636,-23.443515328880757,2.209338835909946,1.0
637,-23.446742372951814,2.1981531861910053,1.0
638,-23.44904076366834,2.2017038156863737,1.0
639,-23.451051656606282,2.1904752143910007,1.0
640,-23.453927573262234,2.1870036744004735,1.0
641,-23.45707562468391,2.1626481979918424,1.0
642,-23.458993713420657,2.1560274543228486,1.0
643,-23.461177902827846,2.14601348657316,1.0
644,-23.463267761292983,2.137429922365679,1.0
645,-23.465321481089518,2.1221031780874378,1.0
646,-23.46748449985193,2.126117223210331,1.0
647,-23.470120046568045,2.1308552079451903,1.0
648,-23.47248387114903,2.1460044491480144,1.0
649,-23.474153675386102,2.139654922456041,1.0
650,-23.477468021383565,2.120401449898792,1.0
651,-23.480106537955766,2.109193728640219,1.0
652,-23.481803113570685,2.0962124735718572,1.0
653,-23.483979206547914,2.083446749366141,1.0
654,-23.486744476493584,2.0806843751805526,1.0
655,-23.488767738816172,2.0889955942952927,1.0
656,-23.49160534633288,2.0962824012783945,1.0
657,-23.494284565908686,2.1024770535895563,1.0
658,-23.496294243827208,2.086932487745981,1.0
659,-23.498825519586195,2.1122863462496753,1.0
660,-23.501561988348776,2.12117233791323,1.0
661,-23.504278040364518,2.138972506241599,1.0
662,-23.507216627495286,2.127875062868138,1.0
663,-23.509667282247474,2.1285568073304497,1.0
664,-23.512273270090397,2.1040352797018547,1.0
665,-23.514765834789763,2.0878057394074436,1.0
666,-23.51629114287195,2.0829271884690304,1.0
667,-23.51881173231346,2.0994323584601884,1.0
668,-23.52129000221118,2.0991773112554393,1.0
669,-23.52358866823049,2.08738627644397,1.0
670,-23.52559543480657,2.0687788837551526,1.0
671,-23.527186829991386,2.0716226923771623,1.0
672,-23.5293021796282,2.074482707844572,1.0
673,-23.53171288678092,2.072776162077902,1.0
674,-23.53407729580721,2.0706422506587043,1.0
675,-23.5365550555289,2.069389543171655,1.0
676,-23.538309771098724,2.0647171236763526,1.0
677,-23.541332433711045,2.0511500749896254,1.0
678,-23.54301008130219,2.0428029648320076,1.0
679,-23.54451786505017,2.043253262883472,1.0
680,-23.54640625183896,2.0358237210201064,1.0
681,-23.54830205221101,2.044652669489509,1.0
682,-23.551404694313735,2.053752958209091,1.0
683,-23.553730973997677,2.052035726226107,1.0
684,-23.55591107592579,2.0604776838349737,1.0
685,-23.557655263364666,2.071280665462088,1.0
686,-23.55962129178557,2.071857628047132,1.0
687,-23.562191497515222,2.061473401891236,1.0
688,-23.564732306120774,2.055400756428479,1.0
689,-23.56632877547228,2.060840822602218,1.0
690,-23.568641055178436,2.0376403099354192,1.0
691,-23.57126138075454,2.028331773994439,1.0
692,-23.57323279859726,2.0347526396862556,1.0
693,-23.57476749346195,2.0336232769937146,1.0
694,-23.576609900036235,2.023606534199463,1.0
695,-23.579078934862796,2.011444649176287,1.0
696,-23.580889567801403,2.004622260624206,1.0
697,-23.582719159262023,1.9994901037916573,1.0
698,-23.58478623916703,1.9730579927895147,1.0
699,-23.586718981110756,1.9658695294858402,1.0
700,-23.58836505392613,1.9799452277248373,1.0
701,-23.590537187501912,1.9719162364422096,1.0
702,-23.592802306731077,1.9544006499848423,1.0
703,-23.59422154593494,1.9514107409415276,1.0
704,-23.596334877295156,1.9479246233410108,1.0
705,-23.59868532974267,1.937267599283939,1.0
706,-23.600965829280252,1.9390076478839513,1.0
707,-23.60259047558388,1.9216318278170212,1.0
708,-23.604763587462557,1.9248748173573633,1.0
709,-23.606729294738518,1.9117435439803598,1.0
710,-23.60861204332544,1.91448270994731,1.0
711,-23.610383933496916,1.9159465064029102,1.0
712,-23.61218497476657,1.9137030580225565,1.0
713,-23.613991876606747,1.9210434381039012,1.0
714,-23.615820570648964,1.9198378542558372,1.0
715,-23.61754168536098,1.9133289345090925,1.0
716,-23.619260887395168,1.9057004994726705,1.0
717,-23.62093092769185,1.884267679032257,1.0
718,-23.622406834823412,1.8913208967225166,1.0
719,-23.624468513105192,1.8899954450837932,1.0
720,-23.626398134677697,1.863546369317929,1.0
721,-23.627968320717343,1.8580036438671736,1.0
722,-23.629431149151703,1.8502241609194348,1.0
723,-23.63100785525873,1.8487842944833461,1.0
724,-23.633605470424463,1.8372698590314318,1.0
725,-23.635757836570757,1.8412454340915667,1.0
726,-23.63768836903937,1.842978258431758,1.0
727,-23.639473508014117,1.8262577403952367,1.0
728,-23.640969313204184,1.8124640359543338,1.0
729,-23.64250902505696,1.8224741489135605,1.0
730,-23.644182179237376,1.8257236030110227,1.0
731,-23.64665633606933,1.8313751442754571,1.0
732,-23.648160680261164,1.8409858352005104,1.0
733,-23.649744485497173,1.8468175324734006,1.0
734,-23.651258490072404,1.8380126440697304,1.0
735,-23.65283556651747,1.8268391753396014,1.0
736,-23.655213598797307,1.8263534197003763,1.0
737,-23.656756373020134,1.8218904989789448,1.0
738,-23.658751298744583,1.8293377819048888,1.0
739,-23.66054629580604,1.8007713720563365,1.0
740,-23.661795760008772,1.798161879241537,1.0
741,-23.663730273839846,1.8060214121253515,1.0
742,-23.665407650670353,1.8046421260925678,1.0
743,-23.66690347244799,1.778427673909698,1.0
744,-23.66848823188698,1.781633615292847,1.0
745,-23.67048496352596,1.7741668284748717,1.0
746,-23.672963963715315,1.7765693792924782,1.0
747,-23.675070586337768,1.7760950249175869,1.0
748,-23.677243067232066,1.7695361405203889,1.0
749,-23.67870543191699,1.7661202520957064,1.0
750,-23.680321090365137,1.7575866354076486,1.0
751,-23.68171154330331,1.7327012487428308,1.0
752,-23.683040967121045,1.736395854470311,1.0
753,-23.68463244420128,1.7272706042470187,1.0
754,-23.68597735479523,1.7410883134540271,1.0
755,-23.687783256916966,1.756692247324329,1.0
756,-23.688978076677564,1.7606015830884036,1.0
757,-23.691153864863665,1.759917957913067,1.0
758,-23.692564883268727,1.7536095400971052,1.0
759,-23.69374517760556,1.7405247922767926,1.0
760,-23.694927247776608,1.7478061111189809,1.0
761,-23.696675601569307,1.7448642939855854,1.0
762,-23.69808821957689,1.7380694428817909,1.0
763,-23.699690953492603,1.7437496481949177,1.0
764,-23.700857627851885,1.7377043094401678,1.0
765,-23.70232417528326,1.731147912303142,1.0
766,-23.70446322513915,1.715852077478723,1.0
767,-23.70599506351953,1.6956514188678438,1.0
768,-23.707597909767742,1.7010623536307194,1.0
769,-23.709658846228027,1.7059621921140635,1.0
770,-23.71101641097706,1.70473490842028,1.0
771,-23.71236171425267,1.7023284957952842,1.0
772,-23.713511373061486,1.6985438048728703,1.0
773,-23.714771949289833,1.7058792812061754,1.0
774,-23.716700509283783,1.7150326112980088,1.0
775,-23.717733672399678,1.7258812205103815,1.0
776,-23.71952500163945,1.715059482112577,1.0
777,-23.721104708372817,1.7091605166429056,1.0
778,-23.72302047979237,1.6992156483632292,1.0
779,-23.7246344369501,1.6822921443722996,1.0
780,-23.72634222345148,1.6897056448028087,1.0
781,-23.727675332630845,1.6971399624570989,1.0
782,-23.729440298973255,1.6874180692259633,1.0
783,-23.730830040147513,1.6807851011123311,1.0
784,-23.732265687015953,1.6851087202225046,1.0
785,-23.73362566199575,1.6698242260191645,1.0
786,-23.73543790195972,1.6731436134149973,1.0
787,-23.736989465076935,1.6602202884476553,1.0
788,-23.738543313036775,1.6614650113977867,1.0
789,-23.739838370908792,1.6731009895399058,1.0
790,-23.74108110668981,1.6619206857899451,1.0
791,-23.74285566420156,1.668032218264472,1.0
792,-23.74413738182472,1.6507471619165741,1.0
793,-23.7456255957682,1.6369994811185067,1.0
794,-23.746993647838483,1.637240609643076,1.0
795,-23.748392539104714,1.6327167426152966,1.0
796,-23.74972522577163,1.6405168449972443,1.0
797,-23.751319462044826,1.6258369555237733,1.0
798,-23.752773960999903,1.6298779006725221,1.0
799,-23.753816463098637,1.61967878265976,1.0
800,-23.75518492079172,1.6253687318088366,1.0
801,-23.75640068360306,1.626615448871752,1.0
802,-23.75742260317971,1.6304232486922612,1.0
803,-23.758626850103003,1.6278538725468814,1.0
804,-23.760126105665915,1.6161683471832198,1.0
805,-23.761572114437577,1.6014593233275918,1.0
806,-23.763170982899418,1.603643012228471,1.0
807,-23.763964480709966,1.5935146718078523,1.0
808,-23.765154987594606,1.5896283043065162,1.0
809,-23.76636099800391,1.5766022872284429,1.0
810,-23.7676076722909,1.5804150936774692,1.0
811,-23.768857266310604,1.5791362510522113,1.0
812,-23.770481528665115,1.5812307027821493,1.0
813,-23.771448990556603,1.5750203868619645,1.0
814,-23.77257798004099,1.5852620123746632,1.0
815,-23.773548844958057,1.586797204006749,1.0
816,-23.774926024774462,1.5802897304791192,1.0
817,-23.776285661297912,1.5783215195820324,1.0
818,-23.777493425215017,1.570335977041641,1.0
819,-23.778913418601007,1.5817011764256224,1.0
820,-23.780010025720586,1.5803709021587193,1.0
821,-23.781371694266216,1.5901295281428587,1.0
822,-23.78261695100081,1.583715501939095,1.0
823,-23.784157694756917,1.575507092487312,1.0
824,-23.785325529924698,1.5697642068373907,1.0
825,-23.786558939138274,1.5674063173814838,1.0
826,-23.787881545186256,1.552081421427586,1.0
827,-23.789095977221518,1.5413843476041829,1.0
828,-23.790156717602354,1.5287255575190628,1.0
829,-23.791684828424344,1.5292491213304433,1.0
830,-23.792910669793567,1.5285545613739542,1.0
831,-23.794221323352172,1.5009743974968726,1.0
832,-23.795542036337476,1.4969967650326397,1.0
833,-23.796501048536218,1.512292835434651,1.0
834,-23.79755190998357,1.5132137747673104,1.0
835,-23.799215240023347,1.5166156048363464,1.0
836,-23.8004523705875,1.5114006757351681,1.0
837,-23.80167014433096,1.508302325305325,1.0
838,-23.80258846329168,1.5113169020408952,1.0
839,-23.80351721564655,1.5288127512342053,1.0
840,-23.804851464401985,1.5139828136310967,1.0
841,-23.805957928961522,1.504516016892739,1.0
842,-23.806868643422398,1.5020904729031415,1.0
843,-23.80804735928207,1.4987876114066345,1.0
844,-23.809030225185158,1.5070853188277895,1.0
845,-23.810163192713382,1.4929366986758377,1.0
846,-23.811269826664173,1.48393669485323,1.0
847,-23.812979447448587,1.492624595578423,1.0
848,-23.81403065334377,1.4961928597948941,1.0
849,-23.815033436471946,1.4775912598660081,1.0
850,-23.81643260818192,1.4738473293425938,1.0
851,-23.817427780319193,1.4712449139356094,1.0
852,-23.818840632207614,1.4735809666725848,1.0
853,-23.819655551025463,1.4775421828005917,1.0
854,-23.820705077620357,1.4846606414105352,1.0
855,-23.82186526882333,1.4813894011216497,1.0
856,-23.823357660192155,1.4672130989948993,1.0
857,-23.82421423455236,1.4589735977053415,1.0
858,-23.82491477133527,1.4577134442853286,1.0
859,-23.825904146795693,1.4469842883977462,1.0
860,-23.826660623790623,1.4532394638385786,1.0
861,-23.8275770092729,1.4391575675519976,1.0
862,-23.82842797427046,1.4385784218013988,1.0
863,-23.829485412260485,1.4352772704032926,1.0
864,-23.83042284025714,1.4341506037828289,1.0
865,-23.83144448606979,1.4288033823191155,1.0
866,-23.83239742995777,1.4203259833002424,1.0
867,-23.833636745086103,1.4229640928200615,1.0
868,-23.83481323062622,1.4267058848611103,1.0
869,-23.835963892808756,1.4304859671920902,1.0
870,-23.836945979646945,1.4381813996692034,1.0
871,-23.838150516097176,1.4460629185491067,1.0
872,-23.839342780379024,1.4429353670782246,1.0
873,-23.840812588226566,1.436392015480481,1.0
874,-23.84209607988093,1.4276002544112358,1.0
875,-23.843465352059173,1.4342184846470964,1.0
876,-23.844418875116244,1.429460234331011,1.0
877,-23.84558009643803,1.4192481811536697,1.0
878,-23.84683636996577,1.4134231750958375,1.0
879,-23.84804368569211,1.427232231096261,1.0
880,-23.848884248824863,1.4233492638193377,1.0
881,-23.849910896377295,1.4239942886402743,1.0
882,-23.851110743528803,1.4153063697187087,1.0
883,-23.852103434901718,1.4293962594492717,1.0
884,-23.853243673596705,1.427212617986585,1.0
885,-23.854088471836047,1.424449362824031,1.0
886,-23.855146104138527,1.4203267142240315,1.0
887,-23.855815099306472,1.4296676336310077,1.0
888,-23.856772001162295,1.4196009134133243,1.0
889,-23.857780068279943,1.4122491241693487,1.0
890,-23.858740765183594,1.4055782026784596,1.0
891,-23.85986772085365,1.4026571513053732,1.0
892,-23.86121257278839,1.3981838841314949,1.0
893,-23.861987661171515,1.401464672100602,1.0
894,-23.863000143977857,1.3902010719527604,1.0
895,-23.864073793383053,1.377616801307682,1.0
896,-23.865164100283504,1.3662226610534727,1.0
897,-23.86614681447038,1.3630682717097373,1.0
898,-23.867380172442697,1.3758056271243713,1.0
899,-23.867968335168786,1.3760022845316504,1.0
900,-23.868906589061307,1.3795666635041148,1.0
901,-23.869962348163558,1.3711677892690468,1.0
902,-23.870914376265446,1.3646133100360787,1.0
903,-23.87182602251194,1.3731169545971735,1.0
904,-23.873339140365502,1.3689861490409525,1.0
905,-23.874548310793333,1.3699297391574454,1.0
906,-23.875542738933312,1.3601565923815582,1.0
907,-23.876289182517354,1.3626982795552087,1.0
908,-23.87707706936657,1.3521760174642734,1.0
909,-23.87804125336283,1.3474803699371816,1.0
910,-23.87901088306142,1.357246151027757,1.0
911,-23.87964755202355,1.3473468425245292,1.0
912,-23.88044810872619,1.3468510515709586,1.0
913,-23.881894455388263,1.3494460785486702,1.0
914,-23.88295406138294,1.3601712907624424,1.0
915,-23.884079987456534,1.3541548342408314,1.0
916,-23.884846092736872,1.343850321384674,1.0
917,-23.885569636403588,1.3382155776588498,1.0
918,-23.88650331757796,1.3410519527606757,1.0
919,-23.887518406926084,1.331978327816442,1.0
920,-23.888515711438835,1.3335861290266726,1.0
921,-23.889627143620864,1.337082693872589,1.0
922,-23.89043405726991,1.3348002167684883,1.0
923,-23.89189848921461,1.340905844443483,1.0
924,-23.89284900130879,1.3365782217393096,1.0
925,-23.893939912870934,1.3246544377035465,1.0
926,-23.894463218619794,1.3234183858866697,1.0
927,-23.895341914324334,1.3088497893717743,1.0
928,-23.896232760142794,1.3061699355252028,1.0
929,-23.897130790188836,1.3028843217996646,1.0
930,-23.897882412113752,1.2993701641828364,1.0
931,-23.898616396038477,1.3055107896432898,1.0
932,-23.899552613959848,1.316324007792496,1.0
933,-23.900420605079734,1.308115557898666,1.0
934,-23.90119086344966,1.31951352389075,1.0
935,-23.901967408828952,1.3116861147390422,1.0
936,-23.903204799736848,1.3191430457814837,1.0
937,-23.904179784639943,1.3173454152093025,1.0
938,-23.905181186476447,1.315965257362582,1.0
939,-23.90599205295396,1.3147952183143032,1.0
940,-23.906390777703052,1.318671437762712,1.0
941,-23.9071196584415,1.3167794260167571,1.0
942,-23.90819836551704,1.311417423479959,1.0
943,-23.90930518386363,1.3041448219195457,1.0
944,-23.910191179943826,1.2957871635938938,1.0
945,-23.910952909242674,1.2972439953973964,1.0
946,-23.911749340993627,1.2867130657893397,1.0
947,-23.91229764849034,1.2958958894842874,1.0
948,-23.913022965372026,1.2936424893845873,1.0
949,-23.913586674335594,1.2945110864043692,1.0
950,-23.91434117445499,1.3013865669341738,1.0
951,-23.91576808135762,1.2973961236872646,1.0
952,-23.916498107331336,1.2849486168139874,1.0
953,-23.91706827818387,1.2757936010809625,1.0
954,-23.917941843777022,1.2705599693042444,1.0
955,-23.918684210601224,1.2762929418554598,1.0
956,-23.919629967208664,1.2660017017832461,1.0
957,-23.920457644529595,1.2853647764525118,1.0
958,-23.921179671639987,1.2687244817772845,1.0
959,-23.921985918444886,1.2704159691188335,1.0
960,-23.922664338207838,1.2681858070261205,1.0
961,-23.923704486804322,1.2665235165287638,1.0
962,-23.92447832851421,1.2678493176940573,1.0
963,-23.924978889480435,1.2624659976146035,1.0
964,-23.925891744202662,1.2693402747414753,1.0
965,-23.926750641364958,1.2661545135504508,1.0
966,-23.92762531014916,1.2505337693460843,1.0
967,-23.92853756945233,1.2382029724676051,1.0
968,-23.92926450971771,1.2307534490918868,1.0
969,-23.930157592171547,1.2221949445871,1.0
970,-23.93092250421973,1.238367410783369,1.0
971,-23.93166937541817,1.2349646211241558,1.0
972,-23.93258204412154,1.2294639956297149,1.0
973,-23.933203961954007,1.230268293662116,1.0
974,-23.93403701946382,1.217051708911395,1.0
975,-23.93471408381013,1.221596792866277,1.0
976,-23.93550590840348,1.2055339303598138,1.0
977,-23.936089520220385,1.2071142793015304,1.0
978,-23.93663708059322,1.2099911977260407,1.0
979,-23.937433759232345,1.2180806912701196,1.0
980,-23.93822194429423,1.213799973611238,1.0
981,-23.939016997205965,1.2067304306816033,1.0
982,-23.93970595248674,1.2024019111863908,1.0
983,-23.940574382006957,1.2025321321281863,1.0
984,-23.941112996971217,1.2001785158401743,1.0
985,-23.941899305197754,1.1949885616010947,1.0
986,-23.942636437587698,1.1943086520798167,1.0
987,-23.94340800776794,1.194689829066961,1.0
988,-23.944048419652603,1.1929102587948055,1.0
989,-23.94482343414497,1.184811705888588,1.0
990,-23.94537195727302,1.1788642877374693,1.0
991,-23.94591471091792,1.1820246238586853,1.0
992,-23.946794739381602,1.1892333460838804,1.0
993,-23.94766457408445,1.1808849905319554,1.0
994,-23.94850810323026,1.181300111832037,1.0
995,-23.94897416276175,1.1769565400645188,1.0
996,-23.94958290530407,1.171035451284721,1.0
997,-23.9501244799807,1.1771953192498938,1.0
998,-23.950734800020477,1.1704386653952277,1.0
999,-23.951434721152598,1.1670491733133064,1.0
